{"stats":{"minecraft:crafted":{"minecraft:crafting_table":1,"minecraft:stick":12,"minecraft:wooden_pickaxe":1,"minecraft:wooden_axe":1,"regions_unexplored:larch_planks":24},"minecraft:dropped":{"minecraft:wheat_seeds":1},"minecraft:used":{"minecraft:wooden_axe":16,"minecraft:trident":97,"regions_unexplored:peat_dirt":1,"minecraft:wooden_pickaxe":7,"minecraft:crafting_table":1,"tombstone:gift":3},"minecraft:killed":{"minecraft:skeleton":2,"minecraft:zombie":1,"born_in_chaos_v1:restless_spirit":1,"realmrpg_creep:halloweed":1,"enemyexpansion:huntsman":1,"minecraft:drowned":1},"minecraft:picked_up":{"regions_unexplored:peat_dirt":2,"minecraft:leather_chestplate":1,"minecraft:turtle_helmet":2,"minecraft:copper_ingot":1,"born_in_chaos_v1:ethereal_spirit":1,"realmrpg_creep:creeping_sprout":2,"minecraft:carrot":1,"minecraft:golden_boots":1,"tombstone:grave_dust":1,"minecraft:trident":1,"minecraft:arrow":2,"minecraft:bone":3,"minecraft:rotten_flesh":4,"minecraft:kelp":3,"irons_spellbooks:arcane_essence":9,"minecraft:wheat_seeds":2,"minecraft:carved_pumpkin":1,"regions_unexplored:larch_log":8,"minecraft:iron_nugget":16,"minecraft:oak_sapling":1,"minecraft:cobblestone":4},"minecraft:mined":{"minecraft:large_fern":3,"minecraft:kelp_plant":1,"regions_unexplored:larch_leaves":1,"minecraft:grass":12,"regions_unexplored:peat_grass_block":1,"regions_unexplored:peat_dirt":1,"regions_unexplored:medium_grass":6,"regions_unexplored:larch_log":8,"minecraft:stone":4,"minecraft:oak_leaves":2},"minecraft:broken":{"minecraft:turtle_helmet":1},"minecraft:killed_by":{"grimoireofgaia:cecaelia":3,"minecraft:drowned":4,"enemyexpansion:huntsman":1,"minecraft:zombie":1,"realmrpg_creep:halloweed":2},"minecraft:custom":{"minecraft:time_since_rest":3909,"minecraft:sprint_one_cm":49992,"minecraft:damage_taken":3851,"minecraft:walk_one_cm":165960,"minecraft:mob_kills":7,"minecraft:drop":1,"minecraft:damage_dealt":2460,"minecraft:damage_dealt_absorbed":121,"minecraft:interact_with_crafting_table":2,"minecraft:swim_one_cm":23601,"minecraft:fly_one_cm":133391,"minecraft:crouch_one_cm":3704,"minecraft:play_time":27958,"tombstone:undead_killed":5,"minecraft:deaths":11,"minecraft:sneak_time":754,"minecraft:walk_under_water_one_cm":106892,"minecraft:jump":282,"minecraft:damage_dealt_resisted":435,"minecraft:leave_game":5,"minecraft:time_since_death":5233,"minecraft:walk_on_water_one_cm":20042,"minecraft:total_world_time":271550,"minecraft:damage_resisted":0,"minecraft:fall_one_cm":7269}},"DataVersion":3465}