{"stats":{"minecraft:used":{"minecraft:moss_block":1,"minecraft:trident":59,"graveyard:skull_on_pike":2,"minecraft:enchanting_table":1,"minecraft:iron_shovel":49,"minecraft:carved_pumpkin":1,"minecraft:poppy":1,"minecraft:iron_sword":124,"minecraft:dirt":38,"minecraft:spyglass":74,"scalinghealth:heart_crystal":1,"chococraft:chocobo_drumstick_raw":1,"realmrpg_creep:creeping_sprout":1,"regions_unexplored:daisy":1,"friendsandfoes:totem_of_illusion":1,"minecraft:iron_axe":32,"minecraft:iron_helmet":1,"minecraft:mossy_cobblestone_slab":1,"minecraft:iron_boots":1,"minecraft:item_frame":1,"graveyard:torso_pile":2,"minecraft:bow":69,"magistuarmory:rusted_bastardsword":16,"tombstone:gift":2,"minecraft:cooked_beef":17,"minecraft:cooked_mutton":8,"epicfight:skillbook":2,"graveyard:bone_remains":1,"minecraft:water_bucket":38,"regions_unexplored:felicia_daisy":1,"minecraft:baked_potato":5,"minecraft:oak_planks":2,"regions_unexplored:peat_dirt":18,"minecraft:cobblestone_slab":1,"minecraft:cracked_stone_bricks":1,"minecraft:golden_apple":1,"minecraft:salmon":2,"graveyard:skeleton_hand":2,"minecraft:crafting_table":2,"minecraft:red_bed":12,"minecraft:crossbow":2,"graveyard:hanged_skeleton":2,"minecraft:bread":14,"minecraft:iron_pickaxe":48,"minecraft:spruce_trapdoor":1,"tombstone:grave_key":1,"minecraft:diamond_sword":20,"minecraft:cobblestone":14,"minecraft:bucket":39,"chococraft:gysahl_green":22,"minecraft:tropical_fish_bucket":1},"minecraft:crafted":{"minecraft:oak_planks":44,"shieldexp:iron_shield":1,"minecraft:cooked_mutton":11,"minecraft:iron_axe":1,"minecraft:chest":2,"sophisticatedbackpacks:iron_backpack":1,"minecraft:cooked_beef":4,"sophisticatedbackpacks:backpack":2,"minecraft:cooked_porkchop":3,"minecraft:crafting_table":1,"iceandfire:earplugs":1,"graveyard:hanged_skeleton":2,"minecraft:air":0,"upgrade_aquatic:cooked_lionfish":1,"minecraft:stick":16,"minecraft:iron_pickaxe":1},"minecraft:custom":{"minecraft:interact_with_smithing_table":1,"minecraft:mob_kills":43,"minecraft:interact_with_crafting_table":9,"minecraft:open_barrel":62,"minecraft:damage_dealt_resisted":927,"minecraft:leave_game":5,"minecraft:time_since_death":74525,"minecraft:climb_one_cm":34816,"minecraft:damage_resisted":19,"minecraft:sprint_one_cm":741866,"minecraft:walk_one_cm":1048094,"minecraft:damage_blocked_by_shield":50,"minecraft:drop":60,"minecraft:damage_dealt_absorbed":16,"minecraft:talked_to_villager":5,"minecraft:play_time":217665,"minecraft:deaths":7,"minecraft:sneak_time":7110,"minecraft:walk_under_water_one_cm":21658,"minecraft:interact_with_lectern":1,"minecraft:jump":5234,"minecraft:walk_on_water_one_cm":40661,"minecraft:total_world_time":217665,"minecraft:interact_with_furnace":19,"tombstone:raider_killed":3,"minecraft:tune_noteblock":3,"vampirism:interact_with_research_table":7,"vampirism:interact_with_garlic_diffuser":4,"minecraft:interact_with_loom":1,"minecraft:sleep_in_bed":11,"minecraft:time_since_rest":30006,"minecraft:damage_absorbed":40,"minecraft:damage_taken":5485,"minecraft:trigger_trapped_chest":1,"minecraft:minecart_one_cm":8445,"minecraft:damage_dealt":6884,"minecraft:swim_one_cm":70846,"minecraft:fly_one_cm":1743719,"minecraft:open_chest":108,"minecraft:crouch_one_cm":36907,"tombstone:undead_killed":13,"minecraft:interact_with_smoker":15,"minecraft:fall_one_cm":174660,"minecraft:horse_one_cm":546},"minecraft:picked_up":{"minecraft:iron_chestplate":1,"chococraft:loverly_gysahl_green":1,"minecraft:crafting_table":1,"minecraft:allium":2,"minecraft:lead":2,"friendsandfoes:totem_of_illusion":1,"minecraft:shield":2,"minecraft:red_bed":12,"minecraft:string":12,"minecraft:iron_axe":1,"minecraft:item_frame":1,"minecraft:cyan_carpet":2,"minecraft:cracked_stone_bricks":2,"minecraft:gold_nugget":60,"minecraft:spruce_planks":1,"hunters_return:boomerang":1,"minecraft:beef":5,"minecraft:cobblestone_slab":1,"minecraft:player_head":1,"dynamictrees:oak_seed":1,"minecraft:iron_nugget":2,"minecraft:poppy":3,"minecraft:spruce_trapdoor":1,"minecraft:stick":9,"minecraft:raw_iron":14,"apotheosis:gem":2,"evilcraft:origins_of_darkness":1,"minecraft:spruce_fence":1,"epicfight:skillbook":3,"minecraft:porkchop":3,"tombstone:grave_dust":2,"minecraft:trident":1,"magistuarmory:rustedcrusader_chestplate":1,"regions_unexplored:daisy":1,"minecraft:arrow":32,"minecraft:rotten_flesh":22,"regions_unexplored:felicia_daisy":1,"minecraft:carved_pumpkin":1,"chococraft:chocobo_drumstick_raw":1,"minecraft:glow_berries":1,"minecraft:mutton":10,"minecraft:cobblestone":26,"minecraft:white_wool":1,"minecraft:enchanting_table":1,"born_in_chaos_v1:corpse_maggot":11,"regions_unexplored:peat_dirt":24,"minecraft:mossy_cobblestone_slab":1,"minecraft:cooked_beef":14,"born_in_chaos_v1:monster_flesh":2,"minecraft:leather":2,"realmrpg_creep:creeping_sprout":2,"minecraft:filled_map":1,"chococraft:chocobo_saddle":1,"minecraft:oak_log":11,"scalinghealth:bandages":2,"scalinghealth:heart_crystal":1,"minecraft:dirt":44,"minecraft:cooked_mutton":3,"chococraft:chocobo_feather":2,"minecraft:bone":20,"chococraft:gysahl_green":20,"minecraft:apple":1,"minecraft:bow":4,"minecraft:wheat_seeds":10,"minecraft:iron_ingot":35,"minecraft:cobweb":3,"minecraft:bamboo":51,"minecraft:moss_block":1,"minecraft:iron_sword":4,"regions_unexplored:bamboo_log":1,"born_in_chaos_v1:ethereal_spirit":2,"magistuarmory:rustednorman_helmet":1,"minecraft:stripped_spruce_log":1,"chococraft:gysahl_green_seeds":5,"magistuarmory:rusted_bastardsword":2,"minecraft:chainmail_leggings":1,"minecraft:crossbow":2,"minecraft:emerald":3,"minecraft:bread":2,"tombstone:magic_scroll":1,"minecraft:oak_sapling":1,"minecraft:coal":12},"minecraft:dropped":{"minecraft:stripped_spruce_log":1,"minecraft:wheat_seeds":3,"minecraft:cooked_beef":27,"minecraft:cooked_porkchop":3,"magistuarmory:rustedcrusader_chestplate":1,"minecraft:crossbow":1,"minecraft:iron_helmet":1,"minecraft:cobblestone":3,"minecraft:lead":1,"minecraft:warped_roots":1,"chococraft:gysahl_green_seeds":9,"minecraft:cracked_stone_bricks":1,"minecraft:cobweb":3,"magistuarmory:rusted_bastardsword":2,"minecraft:gold_nugget":12,"minecraft:cyan_carpet":2,"minecraft:bone":13,"dynamictrees:oak_seed":1,"minecraft:iron_nugget":2,"minecraft:player_head":1,"regions_unexplored:bamboo_log":1,"minecraft:raw_iron":2,"minecraft:rotten_flesh":20,"sophisticatedbackpacks:backpack":1,"minecraft:cooked_mutton":3,"minecraft:spruce_fence":1,"minecraft:chainmail_chestplate":1,"minecraft:diamond_sword":1,"minecraft:poppy":1,"regions_unexplored:peat_dirt":2,"minecraft:shield":1,"minecraft:allium":2,"realmrpg_creep:creeping_sprout":1,"minecraft:spruce_planks":1,"minecraft:iron_chestplate":2,"apotheosis:gem":1,"hunters_return:boomerang":1,"minecraft:arrow":27,"minecraft:bow":2,"scalinghealth:bandages":2,"epicfight:skillbook":1},"minecraft:killed_by":{"undead_revamp2:the_moonflower":1,"iceandfire:cyclops":1,"man:managgresive":1,"iceandfire:fire_dragon":1},"minecraft:mined":{"minecraft:spruce_planks":1,"graveyard:hanged_skeleton":1,"minecraft:spruce_trapdoor":1,"biomesoplenty:bush":1,"minecraft:spruce_fence":1,"minecraft:grass_block":12,"biomesoplenty:flowering_oak_leaves":3,"minecraft:moss_block":1,"minecraft:iron_ore":12,"minecraft:stripped_spruce_log":2,"minecraft:enchanting_table":1,"minecraft:bookshelf":9,"biomesoplenty:high_grass":1,"regions_unexplored:medium_grass":2,"minecraft:bamboo":8,"biomesoplenty:spider_egg":1,"minecraft:stone":13,"minecraft:spruce_slab":1,"regions_unexplored:felicia_daisy":1,"minecraft:podzol":1,"minecraft:red_bed":8,"minecraft:brown_carpet":2,"minecraft:crafting_table":1,"regions_unexplored:peat_grass_block":6,"minecraft:poppy":1,"biomesoplenty:high_grass_plant":5,"minecraft:tall_grass":6,"minecraft:cobblestone":10,"biomesoplenty:sprout":1,"regions_unexplored:daisy":1,"regions_unexplored:bamboo_log":1,"minecraft:grass":22,"minecraft:oak_log":3,"minecraft:coal_ore":9,"regions_unexplored:peat_dirt":15,"minecraft:cyan_carpet":6,"minecraft:dirt":25,"minecraft:cobweb":12,"minecraft:cracked_stone_bricks":2,"minecraft:oak_leaves":7,"minecraft:fern":3},"minecraft:killed":{"born_in_chaos_v1:door_knight_not_despawn":1,"minecraft:spider":2,"undead_revamp2:thesmoker":1,"born_in_chaos_v1:maggot":3,"minecraft:skeleton":3,"minecraft:illusioner":1,"born_in_chaos_v1:firelight_not_despawn":1,"minecraft:piglin":1,"born_in_chaos_v1:swarmer":1,"hunters_return:hunter":1,"born_in_chaos_v1:decrepit_skeleton":4,"minecraft:sheep":1,"born_in_chaos_v1:bloody_gadfly":1,"minecraft:pillager":1,"minecraft:zombie":1,"iceandfire:ghost":1,"born_in_chaos_v1:corpse_fly":5,"monsterplus:overgrown_skeleton":1,"chococraft:chocobo":1,"minecraft:cow":1}},"DataVersion":3465}