{"stats":{"minecraft:broken":{"magistuarmory:rustedchainmail_boots":1,"minecraft:leather_leggings":1,"minecraft:iron_chestplate":1,"minecraft:turtle_helmet":1,"magistuarmory:rustedbarbute":1},"minecraft:mined":{"minecraft:dark_oak_planks":2,"minecraft:spruce_planks":15,"iceandfire:silver_ore":2,"regions_unexplored:barley":1,"minecraft:budding_amethyst":2,"upgrade_aquatic:embedded_ammonite":1,"biomesoplenty:bush":4,"minecraft:grass_block":8,"minecraft:kelp":1,"born_in_chaos_v1:gnawed_bones":1,"minecraft:spawner":2,"minecraft:large_fern":1,"minecraft:tall_seagrass":2,"biomesoplenty:jacaranda_log":47,"minecraft:fire":7,"biomesoplenty:lavender":2,"chococraft:gysahl_green":7,"minecraft:bookshelf":2,"supplementaries:stick":1,"minecraft:small_amethyst_bud":1,"biomesoplenty:jacaranda_door":1,"regions_unexplored:medium_grass":9,"minecraft:stone":82,"minecraft:white_wool":1,"minecraft:spruce_slab":4,"minecraft:orange_bed":4,"minecraft:podzol":10,"biomesoplenty:jacaranda_leaves":1,"minecraft:red_bed":3,"biomesoplenty:jacaranda_planks":9,"minecraft:amethyst_cluster":2,"minecraft:crafting_table":2,"minecraft:torch":4,"minecraft:cyan_stained_glass_pane":1,"minecraft:chest":1,"minecraft:white_stained_glass_pane":1,"minecraft:tall_grass":16,"minecraft:copper_ore":9,"minecraft:cobblestone":9,"minecraft:oak_planks":41,"minecraft:wall_torch":2,"minecraft:amethyst_block":3,"minecraft:spruce_stairs":18,"minecraft:seagrass":1,"minecraft:coarse_dirt":4,"regions_unexplored:redwood_leaves":41,"minecraft:tnt":1,"minecraft:grass":18,"minecraft:coal_ore":13,"minecraft:dirt":20,"minecraft:cobweb":9,"minecraft:oak_leaves":5},"minecraft:custom":{"minecraft:mob_kills":55,"minecraft:interact_with_crafting_table":33,"minecraft:open_barrel":16,"minecraft:bell_ring":2,"minecraft:damage_dealt_resisted":2393,"minecraft:climb_one_cm":409,"minecraft:leave_game":3,"minecraft:time_since_death":9085,"minecraft:damage_resisted":0,"minecraft:sprint_one_cm":1016147,"minecraft:walk_one_cm":1497990,"minecraft:drop":45,"minecraft:damage_dealt_absorbed":308,"minecraft:talked_to_villager":1,"minecraft:play_time":292449,"minecraft:deaths":34,"minecraft:sneak_time":6777,"minecraft:walk_under_water_one_cm":65424,"minecraft:boat_one_cm":252551,"minecraft:jump":7296,"minecraft:walk_on_water_one_cm":87272,"minecraft:total_world_time":292449,"minecraft:interact_with_furnace":19,"minecraft:interact_with_loom":1,"minecraft:sleep_in_bed":12,"minecraft:time_since_rest":8931,"minecraft:waystone_activated":1,"minecraft:damage_taken":14938,"minecraft:trigger_trapped_chest":3,"minecraft:damage_dealt":14037,"minecraft:swim_one_cm":264049,"minecraft:player_kills":4,"minecraft:fly_one_cm":3252450,"minecraft:open_chest":196,"minecraft:crouch_one_cm":44700,"tombstone:undead_killed":15,"tombstone:villager_killed":1,"minecraft:fall_one_cm":224684},"minecraft:used":{"minecraft:trident":175,"minecraft:iron_shovel":11,"gobber2:gobber2_goo":1,"minecraft:carved_pumpkin":3,"minecraft:spruce_slab":7,"minecraft:chest":5,"minecraft:spruce_planks":121,"minecraft:stick":1,"minecraft:orange_bed":4,"minecraft:dirt":21,"minecraft:spyglass":2,"scalinghealth:heart_crystal":1,"minecraft:spruce_stairs":23,"minecraft:spruce_fence":9,"minecraft:dark_oak_planks":2,"minecraft:iron_axe":178,"born_in_chaos_v1:gnawed_bones":1,"gobber2:gobber2_gooey_beef":1,"minecraft:bow":30,"minecraft:beef":14,"minecraft:furnace":1,"tombstone:gift":1,"minecraft:cooked_beef":3,"biomesoplenty:jacaranda_fence":2,"minecraft:cooked_mutton":4,"biomesoplenty:jacaranda_door":3,"epicfight:skillbook":3,"minecraft:baked_potato":29,"minecraft:stone_pickaxe":106,"minecraft:oak_planks":70,"minecraft:wooden_pickaxe":3,"minecraft:white_wool":1,"minecraft:salmon":2,"minecraft:crafting_table":4,"minecraft:red_bed":2,"minecraft:cod":3,"biomesoplenty:jacaranda_planks":160,"minecraft:apple":3,"magistuarmory:silver_shortsword":169,"minecraft:bread":10,"minecraft:iron_pickaxe":20,"minecraft:cobblestone":19,"born_in_chaos_v1:rotten_fish":1,"minecraft:porkchop":2,"minecraft:cooked_porkchop":1,"minecraft:turtle_helmet":1,"minecraft:oak_boat":4,"minecraft:coarse_dirt":3},"minecraft:dropped":{"minecraft:iron_ingot":14,"minecraft:wheat_seeds":1,"minecraft:baked_potato":12,"minecraft:diamond":3,"minecraft:cobblestone":5,"minecraft:book":7,"minecraft:saddle":1,"regions_unexplored:redwood_sapling":2,"minecraft:stick":2,"mowziesmobs:naga_fang":1,"minecraft:bone_meal":1,"born_in_chaos_v1:staffof_magic_arrows":1,"immersive_armors:wooden_chestplate":1,"biomesoplenty:jacaranda_button":6,"minecraft:kelp":1,"minecraft:spyglass":1,"magistuarmory:silver_katzbalger":1,"minecraft:rotten_flesh":10,"sophisticatedbackpacks:backpack":1,"minecraft:iron_hoe":1,"evilcraft:flesh_humanoid":2,"minecraft:trident":3,"minecraft:oak_boat":1,"iceandfire:bestiary":1,"relics:spatial_sign":1,"iceandfire:manuscript":1},"minecraft:killed":{"earthtojavamobs:cream_cow":2,"born_in_chaos_v1:skeleton_demoman":1,"minecraft:spider":1,"enemyexpansion:equestrian":1,"alexsmobs:seagull":1,"enemyexpansion:direwolf":1,"born_in_chaos_v1:zombie_bruiser":1,"born_in_chaos_v1:scarlet_persecutor":2,"born_in_chaos_v1:maggot":1,"minecraft:skeleton":1,"born_in_chaos_v1:dire_hound_leader":1,"majruszsdifficulty:creeperling":1,"born_in_chaos_v1:skeleton_thrasher":1,"born_in_chaos_v1:corpse_fish":2,"born_in_chaos_v1:fallen_chaos_knight":1,"realmrpg_creep:creepling":2,"farlanders:rebel":1,"grimoireofgaia:cecaelia":3,"minecraft:wandering_trader":1,"minecraft:trader_llama":1,"born_in_chaos_v1:zombie_fisherman":1,"minecraft:zombie":7,"born_in_chaos_v1:dread_hound":5,"born_in_chaos_v1:corpse_fly":2,"alexsmobs:fly":1,"born_in_chaos_v1:door_knight":1,"minecraft:cow":6,"enemyexpansion:wasp":1,"mowziesmobs:naga":5},"minecraft:killed_by":{"mowziesmobs:naga":7,"minecraft:player":1,"minecraft:stray":3,"born_in_chaos_v1:skeleton_thrasher":1,"minecraft:spider":1,"born_in_chaos_v1:zombie_clown":1,"born_in_chaos_v1:fallen_chaos_knight":1,"realmrpg_creep:creepling":1,"grimoireofgaia:arachne":1,"grimoireofgaia:cecaelia":2,"grimoireofgaia:minotaurus":1,"minecraft:skeleton":1,"enemyexpansion:wasp":1,"minecraft:zombie":4,"born_in_chaos_v1:scarlet_persecutor":3,"majruszsdifficulty:cursed_armor":1,"born_in_chaos_v1:dire_hound_leader":2,"born_in_chaos_v1:dread_hound":1},"minecraft:picked_up":{"minecraft:coarse_dirt":4,"minecraft:crafting_table":2,"minecraft:iron_chestplate":1,"born_in_chaos_v1:river_mint":1,"minecraft:turtle_helmet":1,"minecraft:leather_leggings":1,"minecraft:lead":2,"biomesoplenty:jacaranda_sapling":4,"minecraft:shield":1,"minecraft:amethyst_block":2,"minecraft:red_bed":3,"minecraft:string":11,"minecraft:raw_copper":33,"minecraft:wooden_sword":1,"minecraft:item_frame":4,"biomesoplenty:tall_lavender":2,"minecraft:iron_shovel":1,"minecraft:spruce_planks":15,"minecraft:beef":15,"minecraft:written_book":1,"minecraft:oak_boat":4,"born_in_chaos_v1:gnawed_bones":2,"upgrade_aquatic:embedded_ammonite":1,"minecraft:iron_nugget":5,"minecraft:spruce_slab":7,"magistuarmory:silver_shortsword":4,"minecraft:chest":1,"minecraft:iron_boots":1,"minecraft:stick":4,"apotheosis:gem":4,"minecraft:torch":6,"magistuarmory:rustedbarbute":1,"minecraft:spruce_stairs":18,"minecraft:porkchop":2,"born_in_chaos_v1:pileof_dark_metal":1,"tombstone:grave_dust":3,"minecraft:trident":2,"born_in_chaos_v1:pieceofdarkmetal":4,"minecraft:tnt":1,"minecraft:dark_oak_planks":2,"gobber2:gobber2_foo":2,"minecraft:orange_bed":4,"minecraft:arrow":6,"minecraft:rotten_flesh":29,"biomesoplenty:jacaranda_log":89,"relics:spatial_sign":1,"minecraft:carved_pumpkin":3,"minecraft:saddle":1,"supplementaries:ash":2,"minecraft:white_wool":1,"alexsmobs:flying_fish":2,"minecraft:cobblestone":88,"biomesoplenty:lavender":6,"born_in_chaos_v1:staffof_magic_arrows":1,"born_in_chaos_v1:corpse_maggot":2,"minecraft:feather":4,"minecraft:cooked_beef":3,"magistuarmory:rustedchainmail_boots":1,"born_in_chaos_v1:monster_flesh":4,"gobber2:gobber2_gooey_beefstew":1,"minecraft:leather":8,"paraglider:spirit_orb":4,"magistuarmory:silver_katzbalger":1,"realmrpg_creep:creeping_sprout":3,"biomesoplenty:jacaranda_door":1,"minecraft:oak_log":58,"evilcraft:flesh_humanoid":2,"biomesoplenty:jacaranda_planks":9,"minecraft:gunpowder":2,"minecraft:dirt":33,"born_in_chaos_v1:monster_skin":2,"minecraft:leather_boots":1,"farmersdelight:iron_knife":1,"minecraft:bone":10,"chococraft:gysahl_green":16,"chococraft:gold_gysahl":1,"minecraft:kelp":1,"gobber2:gobber2_gooey_beef":2,"minecraft:wheat_seeds":1,"regions_unexplored:redwood_sapling":2,"minecraft:iron_ingot":4,"scalinghealth:power_crystal_shard":2,"minecraft:iron_sword":1,"minecraft:oak_planks":40,"gobber2:gobber2_gooey_bread":5,"minecraft:book":5,"minecraft:cooked_porkchop":1,"irons_spellbooks:frozen_bone":2,"born_in_chaos_v1:ethereal_spirit":1,"minecraft:amethyst_shard":8,"chococraft:gysahl_green_seeds":8,"born_in_chaos_v1:fangofthe_hound_leader":2,"minecraft:spruce_log":81,"minecraft:dark_oak_log":13,"grimoireofgaia:shiny_pearl":6,"mowziesmobs:naga_fang":5,"minecraft:iron_hoe":1,"minecraft:diamond":3,"minecraft:bone_meal":2,"minecraft:chainmail_helmet":1,"alexsmobs:maggot":1,"minecraft:baked_potato":36,"born_in_chaos_v1:rotten_fish":1,"minecraft:coal":13,"gobber2:gobber2_goo":5,"iceandfire:raw_silver":2},"minecraft:crafted":{"minecraft:oak_planks":104,"immersive_aircraft:telescope":1,"minecraft:spyglass":3,"mowziesmobs:dart":8,"minecraft:furnace":1,"minecraft:spruce_fence":9,"minecraft:cooked_mutton":2,"immersive_armors:wooden_chestplate":1,"minecraft:spruce_stairs":8,"minecraft:bow":1,"minecraft:iron_axe":1,"minecraft:spruce_slab":6,"minecraft:stone_pickaxe":1,"minecraft:chest":6,"biomesoplenty:jacaranda_door":3,"minecraft:dark_oak_planks":52,"minecraft:cooked_beef":2,"sophisticatedbackpacks:backpack":2,"minecraft:arrow":12,"biomesoplenty:jacaranda_planks":192,"iceandfire:silver_ingot":3,"minecraft:crafting_table":2,"minecraft:spruce_planks":324,"minecraft:wooden_pickaxe":1,"immersive_armors:wooden_leggings":1,"minecraft:copper_ingot":12,"minecraft:air":0,"biomesoplenty:jacaranda_fence":3,"minecraft:oak_boat":2,"biomesoplenty:jacaranda_button":6,"minecraft:iron_pickaxe":1,"minecraft:stick":32,"minecraft:iron_ingot":2,"shieldexp:wooden_shield":1}},"DataVersion":3465}