{"stats":{"minecraft:broken":{"magistuarmory:rustedchainmail_boots":1,"minecraft:leather_leggings":1},"minecraft:custom":{"minecraft:interact_with_furnace":6,"minecraft:mob_kills":18,"minecraft:interact_with_crafting_table":8,"minecraft:open_barrel":3,"minecraft:bell_ring":2,"minecraft:damage_dealt_resisted":1292,"minecraft:leave_game":1,"minecraft:time_since_death":1639,"minecraft:sleep_in_bed":2,"minecraft:damage_resisted":0,"minecraft:time_since_rest":1448,"minecraft:sprint_one_cm":251532,"minecraft:damage_taken":3836,"minecraft:walk_one_cm":453012,"minecraft:trigger_trapped_chest":1,"minecraft:drop":29,"minecraft:damage_dealt":4656,"minecraft:damage_dealt_absorbed":16,"minecraft:swim_one_cm":102273,"minecraft:player_kills":3,"minecraft:fly_one_cm":851750,"minecraft:open_chest":43,"minecraft:crouch_one_cm":18124,"minecraft:play_time":89735,"tombstone:undead_killed":9,"minecraft:deaths":10,"minecraft:sneak_time":2587,"minecraft:walk_under_water_one_cm":29967,"minecraft:jump":1970,"minecraft:walk_on_water_one_cm":37293,"minecraft:total_world_time":89735,"minecraft:fall_one_cm":60740},"minecraft:killed_by":{"grimoireofgaia:cecaelia":1,"minecraft:skeleton":1,"minecraft:spider":1,"minecraft:zombie":2,"born_in_chaos_v1:fallen_chaos_knight":1,"born_in_chaos_v1:dire_hound_leader":2,"born_in_chaos_v1:dread_hound":1},"minecraft:dropped":{"minecraft:iron_ingot":3,"minecraft:kelp":1,"minecraft:wheat_seeds":1,"minecraft:baked_potato":12,"minecraft:book":7,"minecraft:rotten_flesh":10,"minecraft:iron_hoe":1,"minecraft:saddle":1,"evilcraft:flesh_humanoid":2,"minecraft:trident":2,"iceandfire:bestiary":1,"biomesoplenty:jacaranda_button":6,"iceandfire:manuscript":1},"minecraft:picked_up":{"born_in_chaos_v1:corpse_maggot":1,"minecraft:iron_chestplate":1,"born_in_chaos_v1:monster_flesh":3,"magistuarmory:rustedchainmail_boots":1,"born_in_chaos_v1:river_mint":1,"gobber2:gobber2_gooey_beefstew":1,"minecraft:turtle_helmet":1,"minecraft:leather_leggings":1,"realmrpg_creep:creeping_sprout":1,"biomesoplenty:jacaranda_sapling":4,"evilcraft:flesh_humanoid":2,"minecraft:gunpowder":2,"minecraft:dirt":7,"minecraft:raw_copper":33,"born_in_chaos_v1:monster_skin":1,"minecraft:leather_boots":1,"minecraft:item_frame":4,"minecraft:bone":3,"chococraft:gysahl_green":16,"minecraft:kelp":1,"chococraft:gold_gysahl":1,"gobber2:gobber2_gooey_beef":2,"minecraft:wheat_seeds":1,"minecraft:iron_ingot":1,"scalinghealth:power_crystal_shard":2,"born_in_chaos_v1:gnawed_bones":2,"minecraft:iron_nugget":2,"magistuarmory:silver_shortsword":1,"gobber2:gobber2_gooey_bread":5,"minecraft:book":5,"apotheosis:gem":4,"born_in_chaos_v1:pileof_dark_metal":1,"chococraft:gysahl_green_seeds":7,"born_in_chaos_v1:fangofthe_hound_leader":2,"tombstone:grave_dust":1,"minecraft:trident":2,"grimoireofgaia:shiny_pearl":4,"gobber2:gobber2_foo":1,"minecraft:orange_bed":2,"minecraft:tnt":1,"minecraft:iron_hoe":1,"minecraft:rotten_flesh":17,"biomesoplenty:jacaranda_log":48,"minecraft:carved_pumpkin":1,"minecraft:bone_meal":1,"minecraft:saddle":1,"minecraft:baked_potato":36,"iceandfire:raw_silver":1,"minecraft:coal":13,"gobber2:gobber2_goo":5,"minecraft:cobblestone":51},"minecraft:used":{"epicfight:skillbook":3,"minecraft:trident":100,"gobber2:gobber2_goo":1,"minecraft:stone_pickaxe":73,"minecraft:baked_potato":9,"minecraft:wooden_pickaxe":3,"minecraft:orange_bed":2,"minecraft:dirt":3,"scalinghealth:heart_crystal":1,"minecraft:crafting_table":1,"biomesoplenty:jacaranda_planks":103,"magistuarmory:silver_shortsword":13,"minecraft:iron_axe":44,"minecraft:bread":3,"born_in_chaos_v1:gnawed_bones":1,"gobber2:gobber2_gooey_beef":1,"minecraft:cobblestone":4,"minecraft:furnace":1,"minecraft:turtle_helmet":1,"tombstone:gift":1},"minecraft:crafted":{"biomesoplenty:jacaranda_planks":192,"iceandfire:silver_ingot":3,"minecraft:crafting_table":1,"minecraft:wooden_pickaxe":1,"minecraft:furnace":1,"minecraft:copper_ingot":4,"minecraft:air":0,"biomesoplenty:jacaranda_button":6,"minecraft:iron_axe":1,"minecraft:stick":12,"minecraft:stone_pickaxe":1},"minecraft:killed":{"born_in_chaos_v1:fallen_chaos_knight":1,"born_in_chaos_v1:skeleton_demoman":1,"enemyexpansion:equestrian":1,"grimoireofgaia:cecaelia":1,"born_in_chaos_v1:maggot":1,"minecraft:skeleton":1,"born_in_chaos_v1:dire_hound_leader":1,"born_in_chaos_v1:zombie_fisherman":1,"minecraft:zombie":3,"born_in_chaos_v1:dread_hound":4,"alexsmobs:fly":1,"born_in_chaos_v1:corpse_fish":1,"born_in_chaos_v1:door_knight":1},"minecraft:mined":{"biomesoplenty:jacaranda_leaves":1,"iceandfire:silver_ore":1,"minecraft:cyan_stained_glass_pane":1,"biomesoplenty:bush":3,"minecraft:grass_block":4,"minecraft:white_stained_glass_pane":1,"minecraft:copper_ore":9,"minecraft:tall_grass":1,"minecraft:kelp":1,"born_in_chaos_v1:gnawed_bones":1,"minecraft:seagrass":1,"minecraft:tall_seagrass":2,"biomesoplenty:jacaranda_log":47,"minecraft:fire":3,"minecraft:tnt":1,"minecraft:bookshelf":1,"minecraft:grass":7,"chococraft:gysahl_green":7,"minecraft:coal_ore":13,"minecraft:dirt":3,"minecraft:stone":52,"minecraft:orange_bed":2}},"DataVersion":3465}