{"stats":{"minecraft:killed_by":{"undead_revamp2:the_moonflower":1,"iceandfire:cyclops":1,"alexsmobs:leafcutter_ant":1,"undead_revamp2:clogger":1,"man:managgresive":1,"minecraft:zombie":1,"born_in_chaos_v1:maggot":1,"iceandfire:fire_dragon":1},"minecraft:dropped":{"minecraft:stripped_spruce_log":1,"minecraft:wheat_seeds":6,"minecraft:cooked_beef":27,"minecraft:cooked_porkchop":3,"minecraft:lead":1,"minecraft:warped_roots":1,"magistuarmory:rustedcrusader_chestplate":1,"minecraft:crossbow":1,"minecraft:iron_helmet":1,"minecraft:cobblestone":12,"minecraft:book":3,"chococraft:gysahl_green_seeds":9,"minecraft:cracked_stone_bricks":1,"magistuarmory:rustednorman_helmet":1,"born_in_chaos_v1:monster_flesh":1,"minecraft:dirt":6,"minecraft:cobweb":3,"supplementaries:rope":16,"magistuarmory:rusted_bastardsword":2,"minecraft:gold_nugget":12,"minecraft:chainmail_leggings":2,"epicfight:stray_pants":1,"minecraft:cyan_carpet":2,"minecraft:bone":13,"minecraft:blackstone":8,"minecraft:player_head":1,"relics:hunter_belt":1,"minecraft:iron_nugget":2,"dynamictrees:oak_seed":1,"regions_unexplored:bamboo_log":1,"minecraft:raw_iron":2,"tombstone:gift":1,"born_in_chaos_v1:ethereal_spirit":2,"minecraft:rotten_flesh":21,"sophisticatedbackpacks:backpack":1,"minecraft:cooked_mutton":3,"minecraft:spruce_fence":1,"minecraft:chainmail_chestplate":1,"minecraft:poppy":2,"minecraft:diamond_sword":1,"regions_unexplored:peat_dirt":2,"supplementaries:ash":1,"minecraft:tipped_arrow":1,"minecraft:shield":2,"minecraft:allium":2,"realmrpg_creep:creeping_sprout":1,"minecraft:spruce_planks":1,"minecraft:iron_chestplate":2,"born_in_chaos_v1:corpse_maggot":1,"apotheosis:gem":1,"farmersdelight:rope":2,"magistuarmory:rustedchainmail_chestplate":1,"minecraft:arrow":27,"hunters_return:boomerang":1,"minecraft:bow":3,"scalinghealth:bandages":2,"chococraft:gysahl_green":3,"epicfight:skillbook":1},"minecraft:killed":{"born_in_chaos_v1:restless_spirit":1,"born_in_chaos_v1:door_knight_not_despawn":1,"minecraft:spider":2,"undead_revamp2:thesmoker":1,"born_in_chaos_v1:baby_skeleton_minion":2,"creeperoverhaul:bamboo_creeper":1,"born_in_chaos_v1:maggot":5,"minecraft:skeleton":4,"alexsmobs:leafcutter_ant":3,"alexsmobs:capuchin_monkey":1,"minecraft:illusioner":1,"born_in_chaos_v1:firelight_not_despawn":1,"minecraft:piglin":1,"minecraft:husk":1,"born_in_chaos_v1:swarmer":1,"hunters_return:hunter":1,"born_in_chaos_v1:decrepit_skeleton":4,"minecraft:sheep":1,"born_in_chaos_v1:bloody_gadfly":1,"minecraft:pillager":2,"minecraft:zombie":4,"iceandfire:ghost":1,"born_in_chaos_v1:dread_hound":3,"born_in_chaos_v1:corpse_fly":6,"minecraft:stray":5,"riskofrain_mobs:stone_golem_entity":1,"monsterplus:overgrown_skeleton":1,"minecraft:cow":1,"chococraft:chocobo":1},"minecraft:used":{"minecraft:moss_block":1,"minecraft:trident":78,"graveyard:skull_on_pike":2,"minecraft:enchanting_table":1,"minecraft:iron_shovel":93,"minecraft:carved_pumpkin":1,"minecraft:poppy":1,"minecraft:iron_sword":249,"minecraft:dirt":66,"minecraft:spyglass":80,"scalinghealth:heart_crystal":1,"chococraft:chocobo_drumstick_raw":1,"realmrpg_creep:creeping_sprout":1,"regions_unexplored:daisy":1,"friendsandfoes:totem_of_illusion":1,"minecraft:iron_axe":36,"minecraft:mossy_cobblestone_slab":1,"minecraft:iron_helmet":1,"minecraft:iron_boots":1,"minecraft:item_frame":1,"minecraft:bamboo":2,"graveyard:torso_pile":2,"minecraft:bow":106,"magistuarmory:rusted_bastardsword":16,"tombstone:gift":2,"minecraft:cooked_beef":33,"minecraft:cooked_mutton":11,"epicfight:skillbook":4,"minecraft:water_bucket":38,"graveyard:bone_remains":1,"regions_unexplored:felicia_daisy":1,"minecraft:oak_planks":2,"minecraft:baked_potato":5,"regions_unexplored:peat_dirt":25,"minecraft:cobblestone_slab":1,"minecraft:cracked_stone_bricks":1,"graveyard:skeleton_hand":2,"minecraft:golden_apple":1,"minecraft:salmon":2,"minecraft:crafting_table":2,"minecraft:red_bed":12,"minecraft:crossbow":2,"regions_unexplored:redwood_shrub":1,"graveyard:hanged_skeleton":2,"relics:horse_flute":10,"minecraft:bread":14,"minecraft:iron_pickaxe":48,"tombstone:grave_key":2,"minecraft:spruce_trapdoor":1,"minecraft:diamond_sword":20,"minecraft:cobblestone":14,"minecraft:bucket":39,"chococraft:gysahl_green":22,"minecraft:tropical_fish_bucket":1,"minecraft:experience_bottle":1},"minecraft:broken":{"minecraft:iron_boots":1,"minecraft:iron_helmet":1},"minecraft:mined":{"minecraft:spruce_planks":1,"graveyard:hanged_skeleton":1,"minecraft:spruce_trapdoor":1,"biomesoplenty:bush":1,"minecraft:grass_block":23,"minecraft:spruce_fence":1,"biomesoplenty:flowering_oak_leaves":3,"minecraft:moss_block":1,"minecraft:large_fern":11,"minecraft:iron_ore":12,"minecraft:stripped_spruce_log":2,"minecraft:enchanting_table":1,"minecraft:bookshelf":13,"biomesoplenty:high_grass":1,"regions_unexplored:medium_grass":3,"minecraft:bamboo":8,"minecraft:stone":13,"biomesoplenty:spider_egg":1,"minecraft:spruce_slab":1,"regions_unexplored:felicia_daisy":1,"minecraft:podzol":5,"regions_unexplored:redwood_shrub":1,"minecraft:red_bed":8,"minecraft:brown_carpet":2,"minecraft:crafting_table":1,"regions_unexplored:peat_grass_block":6,"minecraft:poppy":1,"biomesoplenty:high_grass_plant":5,"minecraft:tall_grass":6,"minecraft:cobblestone":10,"biomesoplenty:sprout":1,"regions_unexplored:daisy":1,"regions_unexplored:bamboo_log":1,"regions_unexplored:redwood_leaves":1,"minecraft:grass":24,"minecraft:coal_ore":9,"minecraft:oak_log":3,"regions_unexplored:peat_dirt":18,"minecraft:cyan_carpet":6,"minecraft:dirt":50,"minecraft:cobweb":12,"minecraft:cracked_stone_bricks":2,"minecraft:oak_leaves":8,"minecraft:fern":26},"minecraft:custom":{"minecraft:interact_with_smithing_table":1,"minecraft:mob_kills":79,"minecraft:interact_with_crafting_table":9,"minecraft:open_barrel":62,"minecraft:damage_dealt_resisted":1122,"minecraft:leave_game":6,"minecraft:time_since_death":0,"minecraft:climb_one_cm":37360,"minecraft:damage_resisted":134,"minecraft:sprint_one_cm":997805,"minecraft:walk_one_cm":1304733,"minecraft:damage_blocked_by_shield":50,"minecraft:drop":88,"minecraft:damage_dealt_absorbed":56,"minecraft:talked_to_villager":5,"minecraft:play_time":306027,"minecraft:deaths":11,"minecraft:sneak_time":7966,"minecraft:walk_under_water_one_cm":21658,"minecraft:interact_with_lectern":1,"minecraft:jump":7414,"minecraft:walk_on_water_one_cm":40727,"minecraft:total_world_time":306027,"minecraft:interact_with_furnace":19,"tombstone:raider_killed":4,"minecraft:tune_noteblock":3,"vampirism:interact_with_research_table":7,"vampirism:interact_with_garlic_diffuser":4,"minecraft:interact_with_loom":1,"minecraft:sleep_in_bed":12,"minecraft:time_since_rest":139,"minecraft:waystone_activated":1,"minecraft:damage_taken":8890,"minecraft:damage_absorbed":40,"minecraft:trigger_trapped_chest":1,"minecraft:minecart_one_cm":8445,"minecraft:damage_dealt":11563,"minecraft:swim_one_cm":70846,"minecraft:fly_one_cm":2703779,"minecraft:open_chest":136,"minecraft:crouch_one_cm":43369,"tombstone:undead_killed":25,"minecraft:interact_with_smoker":15,"minecraft:fall_one_cm":220201,"minecraft:horse_one_cm":546},"minecraft:crafted":{"minecraft:oak_planks":44,"shieldexp:iron_shield":1,"minecraft:cooked_mutton":11,"minecraft:iron_axe":1,"minecraft:chest":2,"sophisticatedbackpacks:iron_backpack":1,"minecraft:cooked_beef":4,"sophisticatedbackpacks:backpack":2,"minecraft:cooked_porkchop":3,"minecraft:crafting_table":1,"iceandfire:earplugs":1,"graveyard:hanged_skeleton":2,"minecraft:air":0,"upgrade_aquatic:cooked_lionfish":1,"minecraft:stick":16,"minecraft:iron_pickaxe":1},"minecraft:picked_up":{"minecraft:iron_chestplate":2,"minecraft:crafting_table":1,"chococraft:loverly_gysahl_green":1,"minecraft:allium":2,"minecraft:turtle_helmet":1,"minecraft:lead":2,"friendsandfoes:totem_of_illusion":1,"minecraft:shield":2,"epicfight:stray_pants":1,"minecraft:string":12,"minecraft:red_bed":12,"minecraft:iron_axe":1,"minecraft:iron_leggings":1,"minecraft:item_frame":1,"minecraft:blackstone":8,"minecraft:cyan_carpet":2,"minecraft:cracked_stone_bricks":2,"minecraft:gold_nugget":60,"hunters_return:boomerang":1,"minecraft:spruce_planks":1,"minecraft:beef":5,"minecraft:poppy":3,"minecraft:cobblestone_slab":1,"minecraft:player_head":1,"minecraft:iron_pickaxe":1,"minecraft:iron_nugget":2,"dynamictrees:oak_seed":1,"minecraft:spruce_trapdoor":1,"minecraft:iron_boots":1,"minecraft:tipped_arrow":1,"minecraft:stick":9,"minecraft:raw_iron":14,"apotheosis:gem":3,"born_in_chaos_v1:shattered_skull":1,"evilcraft:origins_of_darkness":1,"minecraft:spruce_fence":1,"epicfight:skillbook":5,"minecraft:porkchop":3,"tombstone:grave_dust":6,"minecraft:trident":1,"born_in_chaos_v1:pieceofdarkmetal":1,"magistuarmory:rustedcrusader_chestplate":1,"regions_unexplored:daisy":1,"minecraft:arrow":37,"minecraft:rotten_flesh":24,"regions_unexplored:felicia_daisy":1,"minecraft:carved_pumpkin":1,"chococraft:chocobo_drumstick_raw":1,"supplementaries:ash":1,"minecraft:glow_berries":1,"minecraft:mutton":10,"minecraft:cobblestone":26,"minecraft:white_wool":1,"minecraft:enchanting_table":1,"regions_unexplored:peat_dirt":27,"born_in_chaos_v1:corpse_maggot":12,"minecraft:mossy_cobblestone_slab":1,"minecraft:cooked_beef":14,"born_in_chaos_v1:monster_flesh":4,"minecraft:leather":2,"realmrpg_creep:creeping_sprout":2,"minecraft:filled_map":1,"chococraft:chocobo_saddle":1,"minecraft:oak_log":11,"scalinghealth:bandages":2,"scalinghealth:heart_crystal":2,"minecraft:dirt":86,"born_in_chaos_v1:monster_skin":2,"minecraft:cooked_mutton":3,"chococraft:chocobo_feather":2,"minecraft:bone":26,"chococraft:gysahl_green":20,"minecraft:apple":1,"minecraft:bow":4,"minecraft:wheat_seeds":14,"minecraft:iron_ingot":35,"minecraft:cobweb":3,"scalinghealth:power_crystal_shard":12,"minecraft:bamboo":53,"minecraft:moss_block":1,"minecraft:iron_sword":5,"regions_unexplored:bamboo_log":1,"minecraft:book":12,"scalinghealth:heart_crystal_shard":5,"irons_spellbooks:frozen_bone":19,"magistuarmory:rustedchainmail_chestplate":1,"born_in_chaos_v1:ethereal_spirit":4,"magistuarmory:rustednorman_helmet":1,"minecraft:stripped_spruce_log":1,"chococraft:gysahl_green_seeds":5,"magistuarmory:rusted_bastardsword":2,"minecraft:chainmail_leggings":2,"minecraft:crossbow":2,"regions_unexplored:redwood_shrub":1,"minecraft:emerald":3,"minecraft:bread":2,"tombstone:magic_scroll":1,"minecraft:oak_sapling":1,"minecraft:coal":12}},"DataVersion":3465}