{"stats":{"minecraft:broken":{"minecraft:leather_leggings":1,"minecraft:iron_boots":1,"minecraft:iron_chestplate":1,"minecraft:stone_pickaxe":1,"magistuarmory:rustedchainmail_boots":1,"minecraft:iron_axe":1,"minecraft:iron_pickaxe":1,"minecraft:turtle_helmet":1,"magistuarmory:rustedbarbute":1},"minecraft:killed":{"earthtojavamobs:cream_cow":2,"born_in_chaos_v1:skeleton_demoman":1,"minecraft:spider":1,"enemyexpansion:equestrian":1,"born_in_chaos_v1:scarlet_persecutor":2,"minecraft:skeleton":2,"born_in_chaos_v1:skeleton_thrasher":1,"majruszsdifficulty:creeperling":1,"minecraft:silverfish":1,"realmrpg_creep:creepling":2,"farlanders:rebel":1,"alexsmobs:seal":2,"minecraft:creeper":1,"minecraft:trader_llama":1,"born_in_chaos_v1:zombie_fisherman":1,"minecraft:zombie":7,"born_in_chaos_v1:dread_hound":5,"born_in_chaos_v1:corpse_fly":6,"alexsmobs:fly":1,"born_in_chaos_v1:door_knight":1,"iceandfire:sea_serpent":1,"minecraft:cow":9,"enemyexpansion:wasp":1,"mowziesmobs:naga":5,"mca:female_zombie_villager":1,"irons_spellbooks:summoned_zombie":2,"alexsmobs:seagull":1,"enemyexpansion:direwolf":2,"born_in_chaos_v1:zombie_bruiser":1,"born_in_chaos_v1:maggot":1,"born_in_chaos_v1:dire_hound_leader":1,"aquaculture:brown_trout":1,"born_in_chaos_v1:corpse_fish":2,"born_in_chaos_v1:fallen_chaos_knight":1,"grimoireofgaia:cecaelia":3,"minecraft:wandering_trader":1,"farlanders:ender_golem":2,"born_in_chaos_v1:decrepit_skeleton":1,"monsterplus:overgrown_skeleton":2},"minecraft:mined":{"minecraft:dark_oak_planks":2,"minecraft:spruce_planks":15,"minecraft:budding_amethyst":2,"minecraft:grass_block":9,"gobber2:gobber2_ore_deepslate":4,"minecraft:spawner":2,"minecraft:tall_seagrass":2,"minecraft:iron_ore":1,"minecraft:fire":7,"biomesoplenty:lavender":4,"realmrpg_skeletons:rookie_skeleton":1,"chococraft:gysahl_green":7,"supplementaries:stick":1,"minecraft:small_amethyst_bud":1,"minecraft:spruce_slab":4,"minecraft:orange_bed":4,"biomesoplenty:jacaranda_leaves":1,"minecraft:red_bed":3,"biomesoplenty:jacaranda_planks":9,"minecraft:amethyst_cluster":2,"supplementaries:timber_cross_brace":2,"minecraft:torch":4,"minecraft:chest":1,"minecraft:white_stained_glass_pane":1,"minecraft:cobblestone":23,"minecraft:oak_planks":44,"minecraft:wall_torch":3,"minecraft:amethyst_block":3,"minecraft:seagrass":1,"minecraft:tnt":2,"minecraft:grass":24,"minecraft:dirt":22,"minecraft:oak_leaves":5,"minecraft:deepslate":68,"alexscaves:spelunkery_table":1,"minecraft:tuff":20,"iceandfire:silver_ore":2,"regions_unexplored:barley":1,"upgrade_aquatic:embedded_ammonite":1,"biomesoplenty:bush":4,"minecraft:kelp":1,"born_in_chaos_v1:gnawed_bones":1,"minecraft:large_fern":1,"biomesoplenty:jacaranda_log":47,"minecraft:stripped_spruce_log":3,"evilcraft:dark_ore":2,"minecraft:bookshelf":2,"minecraft:deepslate_iron_ore":3,"biomesoplenty:jacaranda_door":1,"minecraft:stripped_oak_log":1,"biomesoplenty:barley":22,"regions_unexplored:medium_grass":9,"realmrpg_skeletons:arrow_skeleton":1,"minecraft:stone":430,"minecraft:white_wool":3,"minecraft:podzol":10,"minecraft:oak_slab":2,"minecraft:oak_fence":1,"minecraft:crafting_table":3,"minecraft:cyan_stained_glass_pane":1,"minecraft:campfire":1,"minecraft:tall_grass":18,"minecraft:copper_ore":13,"minecraft:lapis_ore":4,"supplementaries:urn":5,"minecraft:spruce_stairs":18,"minecraft:coarse_dirt":4,"regions_unexplored:redwood_leaves":41,"minecraft:coal_ore":13,"minecraft:cobweb":9,"minecraft:stone_bricks":1,"pots_and_mimics:treasure_pot":2,"minecraft:infested_stone":2},"minecraft:used":{"gobber2:gobber2_goo":1,"minecraft:iron_shovel":11,"minecraft:spruce_slab":7,"aquaculture:brown_trout":1,"minecraft:chest":8,"minecraft:shield":3,"minecraft:rotten_flesh":1,"born_in_chaos_v1:gnawed_bones":1,"minecraft:bow":35,"minecraft:dark_oak_boat":3,"minecraft:furnace":1,"biomesoplenty:jacaranda_fence":2,"dummmmmmy:target_dummy":1,"epicfight:skillbook":3,"minecraft:stone_pickaxe":141,"minecraft:oak_planks":70,"minecraft:wooden_pickaxe":3,"duneons:rapier":199,"minecraft:white_wool":5,"biomesoplenty:jacaranda_planks":160,"relics:horse_flute":3,"iceandfire:silver_pickaxe":214,"magistuarmory:silver_shortsword":169,"minecraft:bread":29,"born_in_chaos_v1:staffof_magic_arrows":5,"tombstone:grave_key":9,"minecraft:wooden_sword":4,"born_in_chaos_v1:rotten_fish":1,"supplementaries:timber_cross_brace":2,"minecraft:oak_boat":4,"minecraft:coarse_dirt":3,"minecraft:trident":175,"minecraft:carved_pumpkin":3,"minecraft:spruce_planks":121,"minecraft:orange_bed":4,"minecraft:stick":1,"minecraft:torch":5,"minecraft:dirt":21,"minecraft:spyglass":24,"scalinghealth:heart_crystal":2,"minecraft:spruce_stairs":23,"minecraft:salmon_bucket":3,"minecraft:spruce_fence":9,"minecraft:dark_oak_planks":2,"minecraft:iron_axe":244,"evilcraft:flesh_humanoid":2,"gobber2:gobber2_gooey_beef":1,"minecraft:beef":14,"tombstone:gift":1,"minecraft:cooked_beef":6,"minecraft:cooked_mutton":7,"biomesoplenty:jacaranda_door":3,"minecraft:baked_potato":29,"minecraft:salmon":2,"minecraft:crafting_table":7,"minecraft:red_bed":2,"minecraft:cod":3,"minecraft:apple":3,"minecraft:iron_pickaxe":249,"minecraft:cobblestone":116,"minecraft:cooked_porkchop":1,"minecraft:turtle_helmet":1,"minecraft:porkchop":2},"minecraft:crafted":{"minecraft:smooth_stone":6,"minecraft:oak_planks":104,"immersive_aircraft:telescope":1,"minecraft:dark_oak_boat":2,"mowziesmobs:dart":8,"minecraft:stone":10,"minecraft:cooked_mutton":2,"immersive_armors:wooden_chestplate":1,"minecraft:bow":1,"minecraft:chest":9,"minecraft:arrow":12,"sophisticatedbackpacks:backpack":2,"biomesoplenty:jacaranda_planks":192,"minecraft:crafting_table":4,"minecraft:spruce_planks":336,"minecraft:wooden_pickaxe":1,"immersive_armors:wooden_leggings":1,"minecraft:copper_ingot":20,"minecraft:hay_block":1,"biomesoplenty:jacaranda_fence":3,"minecraft:stone_slab":6,"minecraft:stick":44,"minecraft:iron_pickaxe":1,"minecraft:iron_ingot":9,"shieldexp:wooden_shield":1,"minecraft:coal":9,"minecraft:smooth_stone_slab":6,"minecraft:spyglass":3,"minecraft:furnace":1,"minecraft:spruce_fence":9,"minecraft:spruce_stairs":8,"minecraft:iron_axe":1,"minecraft:spruce_slab":6,"minecraft:stone_pickaxe":3,"biomesoplenty:jacaranda_door":3,"minecraft:dark_oak_planks":52,"minecraft:cooked_beef":2,"iceandfire:silver_ingot":6,"supplementaries:timber_cross_brace":1,"minecraft:bread":3,"minecraft:air":0,"minecraft:oak_boat":2,"biomesoplenty:jacaranda_button":6,"minecraft:armor_stand":1,"dummmmmmy:target_dummy":1,"iceandfire:silver_pickaxe":1},"minecraft:killed_by":{"mowziesmobs:naga":8,"born_in_chaos_v1:nightmare_stalker":3,"iceandfire:sea_serpent":2,"grimoireofgaia:arachne":1,"realmrpg_creep:creepling":2,"realmrpg_creep:halloweed":2,"grimoireofgaia:cecaelia":2,"grimoireofgaia:bone_knight":1,"iceandfire:ice_dragon":2,"grimoireofgaia:minotaurus":1,"minecraft:zombie":4,"born_in_chaos_v1:scarlet_persecutor":3,"majruszsdifficulty:cursed_armor":1,"born_in_chaos_v1:dire_hound_leader":2,"minecraft:player":2,"minecraft:stray":3,"minecraft:spider":1,"born_in_chaos_v1:skeleton_thrasher":1,"born_in_chaos_v1:zombie_clown":1,"born_in_chaos_v1:fallen_chaos_knight":2,"minecraft:skeleton":3,"enemyexpansion:wasp":1,"iceandfire:ghost":1,"born_in_chaos_v1:dread_hound":1},"minecraft:picked_up":{"minecraft:iron_chestplate":1,"minecraft:lead":2,"minecraft:enchanted_book":1,"minecraft:amethyst_block":2,"minecraft:string":13,"minecraft:raw_copper":47,"biomesoplenty:tall_lavender":2,"iceandfire:sea_serpent_scales_bronze":2,"minecraft:cobbled_deepslate":72,"minecraft:spruce_planks":15,"minecraft:written_book":1,"upgrade_aquatic:embedded_ammonite":1,"minecraft:coal_block":1,"magistuarmory:silver_shortsword":4,"minecraft:iron_boots":1,"minecraft:stick":4,"apotheosis:gem":5,"minecraft:oak_fence":1,"minecraft:torch":26,"minecraft:spruce_stairs":18,"born_in_chaos_v1:pileof_dark_metal":1,"minecraft:porkchop":2,"tombstone:grave_dust":3,"gobber2:gobber2_foo":2,"minecraft:orange_bed":4,"minecraft:rotten_flesh":31,"minecraft:carved_pumpkin":3,"supplementaries:ash":2,"minecraft:blaze_powder":5,"alexsmobs:flying_fish":2,"minecraft:cobblestone":556,"biomesoplenty:lavender":8,"born_in_chaos_v1:staffof_magic_arrows":1,"minecraft:feather":4,"minecraft:cooked_beef":3,"magistuarmory:rustedchainmail_boots":1,"minecraft:dark_oak_boat":2,"paraglider:spirit_orb":4,"minecraft:tuff":20,"evilcraft:flesh_humanoid":6,"minecraft:lapis_lazuli":31,"minecraft:dirt":36,"minecraft:name_tag":1,"born_in_chaos_v1:monster_skin":2,"minecraft:leather_boots":1,"minecraft:bone":18,"farmersdelight:iron_knife":1,"minecraft:bow":1,"gobber2:gobber2_gooey_beef":2,"minecraft:wheat_seeds":7,"gobber2:gobber2_globette":4,"minecraft:oak_planks":43,"gobber2:gobber2_gooey_bread":5,"minecraft:cooked_porkchop":1,"irons_spellbooks:frozen_bone":2,"minecraft:poisonous_potato":1,"minecraft:stripped_spruce_log":3,"minecraft:spectral_arrow":1,"minecraft:dark_oak_log":13,"grimoireofgaia:shiny_pearl":6,"minecraft:bundle":1,"minecraft:iron_hoe":1,"minecraft:diamond":3,"duneons:rapier":1,"minecraft:bone_meal":2,"scalinghealth:cursed_heart":1,"minecraft:emerald":12,"minecraft:bread":6,"minecraft:chainmail_helmet":1,"alexsmobs:maggot":1,"born_in_chaos_v1:rotten_fish":1,"gobber2:gobber2_goo":5,"iceandfire:raw_silver":2,"minecraft:charcoal":2,"minecraft:coarse_dirt":4,"minecraft:crafting_table":4,"born_in_chaos_v1:river_mint":1,"minecraft:turtle_helmet":1,"minecraft:leather_leggings":1,"biomesoplenty:jacaranda_sapling":4,"minecraft:chain":1,"minecraft:shield":1,"minecraft:moss_carpet":2,"minecraft:red_bed":3,"minecraft:wooden_sword":1,"supplementaries:timber_cross_brace":2,"farlanders:ender_horn":9,"minecraft:item_frame":4,"minecraft:iron_shovel":1,"tombstone:scroll_of_unstable_intangibility":2,"minecraft:beef":24,"minecraft:oak_boat":4,"born_in_chaos_v1:gnawed_bones":2,"minecraft:iron_nugget":34,"minecraft:spruce_slab":7,"minecraft:chest":1,"minecraft:raw_iron":7,"magistuarmory:rustedbarbute":1,"minecraft:trident":2,"born_in_chaos_v1:pieceofdarkmetal":4,"minecraft:dark_oak_planks":2,"minecraft:tnt":2,"minecraft:arrow":12,"biomesoplenty:jacaranda_log":89,"relics:spatial_sign":1,"aquaculture:brown_trout":1,"alexscaves:spelunkery_table":1,"born_in_chaos_v1:spiny_shell":4,"minecraft:saddle":1,"minecraft:white_wool":5,"born_in_chaos_v1:corpse_maggot":4,"minecraft:air":0,"iceandfire:sea_serpent_fang":4,"born_in_chaos_v1:monster_flesh":4,"minecraft:salmon":1,"gobber2:gobber2_gooey_beefstew":1,"minecraft:leather":11,"magistuarmory:silver_katzbalger":1,"realmrpg_creep:creeping_sprout":3,"biomesoplenty:jacaranda_door":1,"minecraft:oak_log":58,"biomesoplenty:jacaranda_planks":9,"minecraft:gunpowder":3,"scalinghealth:heart_crystal":1,"minecraft:cooked_mutton":2,"chococraft:gysahl_green":16,"minecraft:stone_bricks":1,"chococraft:gold_gysahl":1,"minecraft:kelp":1,"regions_unexplored:redwood_sapling":2,"minecraft:iron_ingot":4,"scalinghealth:power_crystal_shard":2,"minecraft:iron_sword":1,"minecraft:book":5,"minecraft:oak_slab":2,"scalinghealth:heart_crystal_shard":3,"born_in_chaos_v1:ethereal_spirit":3,"minecraft:amethyst_shard":8,"chococraft:gysahl_green_seeds":8,"born_in_chaos_v1:fangofthe_hound_leader":2,"minecraft:spruce_log":81,"mowziesmobs:naga_fang":5,"evilcraft:dark_gem":9,"minecraft:baked_potato":36,"minecraft:coal":17},"minecraft:dropped":{"minecraft:iron_sword":2,"iceandfire:silver_axe":1,"minecraft:baked_potato":12,"minecraft:diamond":3,"minecraft:saddle":1,"regions_unexplored:redwood_sapling":2,"mowziesmobs:naga_fang":1,"born_in_chaos_v1:monster_flesh":1,"duneons:rapier":1,"minecraft:bone_meal":1,"minecraft:iron_pickaxe":1,"immersive_armors:wooden_chestplate":1,"biomesoplenty:jacaranda_button":6,"minecraft:dark_oak_boat":1,"minecraft:bone":4,"minecraft:spyglass":2,"born_in_chaos_v1:ethereal_spirit":1,"minecraft:rotten_flesh":10,"minecraft:blaze_powder":5,"farlanders:ender_horn":3,"evilcraft:flesh_humanoid":6,"minecraft:chainmail_chestplate":2,"duneons:energybag":1,"minecraft:trident":3,"apotheosis:gem":2,"minecraft:chainmail_boots":1,"iceandfire:bestiary":1,"duneons:beehive_helmet":2,"minecraft:arrow":2,"minecraft:beef":5,"magistuarmory:rustedchainmail_boots":1,"relics:spatial_sign":1,"iceandfire:silver_pickaxe":1,"iceandfire:manuscript":1,"minecraft:enchanted_book":2,"mowziesmobs:dart":4,"minecraft:iron_ingot":14,"minecraft:wheat_seeds":6,"scalinghealth:cursed_heart":1,"minecraft:poisonous_potato":1,"biomesoplenty:lavender":2,"minecraft:iron_helmet":1,"minecraft:book":7,"minecraft:cobblestone":5,"evilcraft:dark_gem":9,"minecraft:stick":2,"minecraft:torch":38,"tombstone:grave_key":4,"minecraft:iron_axe":1,"born_in_chaos_v1:staffof_magic_arrows":1,"minecraft:chainmail_leggings":1,"minecraft:string":1,"minecraft:moss_carpet":2,"minecraft:kelp":1,"magistuarmory:silver_katzbalger":1,"relics:hunter_belt":1,"minecraft:raw_iron":9,"minecraft:iron_hoe":1,"sophisticatedbackpacks:backpack":1,"minecraft:name_tag":1,"tombstone:scroll_of_unstable_intangibility":1,"born_in_chaos_v1:spiny_shell":8,"minecraft:oak_boat":2,"sophisticatedbackpacks:copper_backpack":1,"minecraft:bow":1},"minecraft:custom":{"minecraft:interact_with_crafting_table":49,"minecraft:open_barrel":31,"minecraft:bell_ring":2,"minecraft:leave_game":3,"minecraft:time_since_death":5728,"minecraft:damage_resisted":0,"minecraft:sprint_one_cm":1500372,"minecraft:damage_blocked_by_shield":614,"minecraft:drop":108,"minecraft:talked_to_villager":4,"minecraft:play_time":422951,"minecraft:deaths":54,"tombstone:tomb_raiding":1,"minecraft:jump":10615,"minecraft:walk_on_water_one_cm":123999,"minecraft:interact_with_furnace":27,"minecraft:interact_with_loom":2,"minecraft:sleep_in_bed":16,"minecraft:waystone_activated":1,"minecraft:damage_dealt":22460,"minecraft:player_kills":5,"minecraft:crouch_one_cm":59558,"tombstone:undead_killed":22,"tombstone:villager_killed":1,"minecraft:interact_with_anvil":1,"minecraft:mob_kills":78,"minecraft:damage_dealt_resisted":2433,"minecraft:climb_one_cm":3969,"minecraft:walk_one_cm":2133957,"minecraft:damage_dealt_absorbed":548,"minecraft:sneak_time":9722,"minecraft:walk_under_water_one_cm":102417,"minecraft:boat_one_cm":481783,"minecraft:interact_with_blast_furnace":2,"minecraft:total_world_time":422951,"minecraft:time_since_rest":5688,"minecraft:damage_taken":24342,"minecraft:trigger_trapped_chest":3,"minecraft:swim_one_cm":426934,"minecraft:fly_one_cm":4680319,"minecraft:open_chest":326,"minecraft:fall_one_cm":328866}},"DataVersion":3465}