{"stats":{"minecraft:picked_up":{"minecraft:iron_chestplate":1,"born_in_chaos_v1:river_mint":1,"minecraft:turtle_helmet":1,"minecraft:leather_leggings":1,"minecraft:lead":2,"biomesoplenty:jacaranda_sapling":4,"minecraft:shield":1,"minecraft:string":2,"minecraft:raw_copper":33,"minecraft:wooden_sword":1,"biomesoplenty:tall_lavender":2,"minecraft:item_frame":4,"minecraft:iron_shovel":1,"minecraft:spruce_planks":15,"born_in_chaos_v1:gnawed_bones":2,"minecraft:iron_nugget":4,"minecraft:spruce_slab":7,"minecraft:chest":1,"magistuarmory:silver_shortsword":4,"minecraft:stick":2,"apotheosis:gem":4,"minecraft:torch":4,"magistuarmory:rustedbarbute":1,"minecraft:spruce_stairs":18,"born_in_chaos_v1:pileof_dark_metal":1,"tombstone:grave_dust":3,"minecraft:trident":2,"born_in_chaos_v1:pieceofdarkmetal":4,"minecraft:dark_oak_planks":2,"minecraft:orange_bed":4,"gobber2:gobber2_foo":1,"minecraft:tnt":1,"minecraft:arrow":3,"minecraft:rotten_flesh":28,"biomesoplenty:jacaranda_log":89,"minecraft:carved_pumpkin":2,"minecraft:saddle":1,"supplementaries:ash":2,"alexsmobs:flying_fish":1,"minecraft:cobblestone":66,"biomesoplenty:lavender":5,"born_in_chaos_v1:corpse_maggot":1,"born_in_chaos_v1:staffof_magic_arrows":1,"magistuarmory:rustedchainmail_boots":1,"born_in_chaos_v1:monster_flesh":4,"minecraft:leather":1,"gobber2:gobber2_gooey_beefstew":1,"magistuarmory:silver_katzbalger":1,"realmrpg_creep:creeping_sprout":2,"biomesoplenty:jacaranda_door":1,"minecraft:oak_log":58,"evilcraft:flesh_humanoid":2,"biomesoplenty:jacaranda_planks":9,"minecraft:gunpowder":2,"minecraft:dirt":7,"born_in_chaos_v1:monster_skin":2,"minecraft:leather_boots":1,"minecraft:bone":10,"chococraft:gysahl_green":16,"minecraft:kelp":1,"chococraft:gold_gysahl":1,"gobber2:gobber2_gooey_beef":2,"minecraft:wheat_seeds":1,"minecraft:iron_ingot":1,"scalinghealth:power_crystal_shard":2,"minecraft:iron_sword":1,"minecraft:oak_planks":40,"gobber2:gobber2_gooey_bread":5,"minecraft:book":5,"irons_spellbooks:frozen_bone":2,"born_in_chaos_v1:ethereal_spirit":1,"chococraft:gysahl_green_seeds":7,"born_in_chaos_v1:fangofthe_hound_leader":2,"minecraft:spruce_log":81,"minecraft:dark_oak_log":13,"grimoireofgaia:shiny_pearl":6,"mowziesmobs:naga_fang":1,"minecraft:iron_hoe":1,"minecraft:bone_meal":1,"alexsmobs:maggot":1,"minecraft:baked_potato":36,"minecraft:coal":13,"gobber2:gobber2_goo":5,"iceandfire:raw_silver":1},"minecraft:mined":{"minecraft:dark_oak_planks":2,"minecraft:spruce_planks":15,"iceandfire:silver_ore":1,"biomesoplenty:bush":4,"minecraft:grass_block":4,"minecraft:kelp":1,"born_in_chaos_v1:gnawed_bones":1,"minecraft:tall_seagrass":2,"biomesoplenty:jacaranda_log":47,"minecraft:fire":4,"biomesoplenty:lavender":1,"chococraft:gysahl_green":7,"minecraft:bookshelf":1,"supplementaries:stick":1,"biomesoplenty:jacaranda_door":1,"minecraft:stone":67,"minecraft:spruce_slab":4,"minecraft:orange_bed":4,"biomesoplenty:jacaranda_leaves":1,"biomesoplenty:jacaranda_planks":9,"minecraft:torch":4,"minecraft:cyan_stained_glass_pane":1,"minecraft:chest":1,"minecraft:white_stained_glass_pane":1,"minecraft:tall_grass":1,"minecraft:copper_ore":9,"minecraft:oak_planks":41,"minecraft:spruce_stairs":18,"minecraft:seagrass":1,"minecraft:tnt":1,"minecraft:grass":13,"minecraft:coal_ore":13,"minecraft:dirt":3},"minecraft:crafted":{"minecraft:oak_planks":104,"minecraft:furnace":1,"minecraft:spruce_fence":9,"immersive_armors:wooden_chestplate":1,"minecraft:spruce_stairs":8,"minecraft:iron_axe":1,"minecraft:spruce_slab":6,"biomesoplenty:jacaranda_door":3,"minecraft:stone_pickaxe":1,"minecraft:chest":4,"minecraft:dark_oak_planks":52,"biomesoplenty:jacaranda_planks":192,"iceandfire:silver_ingot":3,"minecraft:crafting_table":1,"minecraft:spruce_planks":324,"minecraft:wooden_pickaxe":1,"immersive_armors:wooden_leggings":1,"minecraft:copper_ingot":4,"minecraft:air":0,"biomesoplenty:jacaranda_fence":3,"biomesoplenty:jacaranda_button":6,"minecraft:stick":32,"shieldexp:wooden_shield":1},"minecraft:killed":{"born_in_chaos_v1:skeleton_demoman":1,"enemyexpansion:equestrian":1,"born_in_chaos_v1:zombie_bruiser":1,"born_in_chaos_v1:maggot":1,"born_in_chaos_v1:scarlet_persecutor":2,"minecraft:skeleton":1,"born_in_chaos_v1:dire_hound_leader":1,"born_in_chaos_v1:skeleton_thrasher":1,"born_in_chaos_v1:corpse_fish":1,"born_in_chaos_v1:fallen_chaos_knight":1,"realmrpg_creep:creepling":1,"farlanders:rebel":1,"grimoireofgaia:cecaelia":3,"minecraft:wandering_trader":1,"minecraft:trader_llama":1,"born_in_chaos_v1:zombie_fisherman":1,"minecraft:zombie":6,"born_in_chaos_v1:dread_hound":5,"alexsmobs:fly":1,"born_in_chaos_v1:door_knight":1,"enemyexpansion:wasp":1,"mowziesmobs:naga":1},"minecraft:broken":{"magistuarmory:rustedchainmail_boots":1,"minecraft:leather_leggings":1,"minecraft:iron_chestplate":1,"minecraft:turtle_helmet":1},"minecraft:custom":{"minecraft:mob_kills":34,"minecraft:interact_with_crafting_table":19,"minecraft:open_barrel":3,"minecraft:bell_ring":2,"minecraft:damage_dealt_resisted":2375,"minecraft:leave_game":2,"minecraft:time_since_death":27890,"minecraft:damage_resisted":0,"minecraft:sprint_one_cm":558186,"minecraft:walk_one_cm":1018646,"minecraft:drop":32,"minecraft:damage_dealt_absorbed":152,"minecraft:talked_to_villager":1,"minecraft:play_time":187103,"minecraft:deaths":27,"minecraft:sneak_time":4710,"minecraft:walk_under_water_one_cm":50098,"minecraft:jump":4334,"minecraft:walk_on_water_one_cm":68410,"minecraft:total_world_time":187103,"minecraft:interact_with_furnace":7,"minecraft:sleep_in_bed":8,"minecraft:time_since_rest":8190,"minecraft:damage_taken":10105,"minecraft:trigger_trapped_chest":1,"minecraft:damage_dealt":9996,"minecraft:swim_one_cm":184613,"minecraft:fly_one_cm":1955476,"minecraft:player_kills":4,"minecraft:open_chest":75,"minecraft:crouch_one_cm":33406,"tombstone:undead_killed":14,"tombstone:villager_killed":1,"minecraft:fall_one_cm":140020},"minecraft:killed_by":{"mowziesmobs:naga":4,"minecraft:player":1,"minecraft:stray":3,"minecraft:spider":1,"born_in_chaos_v1:skeleton_thrasher":1,"born_in_chaos_v1:fallen_chaos_knight":1,"realmrpg_creep:creepling":1,"grimoireofgaia:arachne":1,"grimoireofgaia:cecaelia":2,"minecraft:skeleton":1,"enemyexpansion:wasp":1,"minecraft:zombie":3,"born_in_chaos_v1:scarlet_persecutor":3,"born_in_chaos_v1:dire_hound_leader":2,"born_in_chaos_v1:dread_hound":1},"minecraft:dropped":{"minecraft:iron_ingot":3,"minecraft:wheat_seeds":1,"minecraft:baked_potato":12,"minecraft:book":7,"minecraft:saddle":1,"mowziesmobs:naga_fang":1,"born_in_chaos_v1:staffof_magic_arrows":1,"biomesoplenty:jacaranda_button":6,"minecraft:kelp":1,"magistuarmory:silver_katzbalger":1,"minecraft:rotten_flesh":10,"minecraft:iron_hoe":1,"evilcraft:flesh_humanoid":2,"minecraft:trident":2,"iceandfire:bestiary":1,"iceandfire:manuscript":1},"minecraft:used":{"minecraft:trident":112,"gobber2:gobber2_goo":1,"minecraft:carved_pumpkin":2,"minecraft:spruce_slab":7,"minecraft:chest":5,"minecraft:spruce_planks":113,"minecraft:stick":1,"minecraft:orange_bed":4,"minecraft:dirt":3,"scalinghealth:heart_crystal":1,"minecraft:spruce_stairs":23,"minecraft:spruce_fence":9,"minecraft:dark_oak_planks":2,"minecraft:iron_axe":152,"born_in_chaos_v1:gnawed_bones":1,"gobber2:gobber2_gooey_beef":1,"minecraft:furnace":1,"tombstone:gift":1,"biomesoplenty:jacaranda_fence":2,"biomesoplenty:jacaranda_door":3,"epicfight:skillbook":3,"minecraft:stone_pickaxe":88,"minecraft:baked_potato":29,"minecraft:oak_planks":70,"minecraft:wooden_pickaxe":3,"minecraft:crafting_table":1,"biomesoplenty:jacaranda_planks":160,"magistuarmory:silver_shortsword":116,"minecraft:bread":3,"minecraft:cobblestone":4,"minecraft:turtle_helmet":1}},"DataVersion":3465}