{"stats":{"minecraft:picked_up":{"minecraft:bone":2,"minecraft:rotten_flesh":3,"biomesoplenty:black_sand":3,"evilcraft:flesh_humanoid":2,"minecraft:cookie":3},"minecraft:custom":{"minecraft:time_since_rest":367,"minecraft:crouch_one_cm":293,"minecraft:play_time":30128,"minecraft:sprint_one_cm":86294,"minecraft:walk_one_cm":43862,"minecraft:damage_taken":1000,"minecraft:deaths":4,"minecraft:sneak_time":136,"minecraft:walk_under_water_one_cm":7556,"minecraft:drop":7,"minecraft:jump":874,"minecraft:leave_game":2,"minecraft:walk_on_water_one_cm":5487,"minecraft:time_since_death":0,"minecraft:total_world_time":30128,"minecraft:swim_one_cm":8878,"minecraft:fly_one_cm":288844,"minecraft:fall_one_cm":31638},"minecraft:dropped":{"minecraft:rotten_flesh":3,"evilcraft:flesh_humanoid":4,"minecraft:bone":2},"minecraft:mined":{"minecraft:grass":1,"biomesoplenty:sprout":2,"biomesoplenty:black_sand":3,"realmrpg_skeletons:acrobat_skeleton":1,"minecraft:fern":8},"minecraft:killed_by":{"minecraft:skeleton":1,"undead_revamp2:the_moonflower":1,"realmrpg_creep:halloweed":1},"minecraft:used":{"biomesoplenty:black_sand":3,"minecraft:cookie":3}},"DataVersion":3465}