{"stats":{"minecraft:used":{"minecraft:moss_block":1,"minecraft:rose_bush":2,"minecraft:iron_shovel":50,"minecraft:spruce_slab":1,"minecraft:spruce_planks":8,"minecraft:shield":31,"chococraft:chocobo_drumstick_cooked":1,"minecraft:cooked_chicken":3,"regions_unexplored:maple_planks":10,"minecraft:torch":1,"minecraft:dirt":50,"scalinghealth:heart_crystal":2,"minecraft:brick_slab":1,"minecraft:chainmail_chestplate":2,"minecraft:allium":3,"minecraft:stripped_spruce_log":1,"minecraft:mossy_cobblestone_stairs":1,"minecraft:lantern":2,"minecraft:iron_axe":33,"minecraft:iron_boots":1,"minecraft:stone_bricks":4,"minecraft:item_frame":1,"minecraft:bamboo":1,"minecraft:brown_carpet":3,"minecraft:bow":1,"minecraft:gray_glazed_terracotta":1,"minecraft:soul_soil":1,"minecraft:cooked_beef":14,"duneons:mossendirt":1,"minecraft:cooked_mutton":9,"minecraft:water_bucket":10,"epicfight:skillbook":1,"upgrade_aquatic:mulberry":1,"regions_unexplored:peat_dirt":2,"minecraft:andesite_slab":2,"regions_unexplored:peat_podzol":1,"minecraft:mossy_cobblestone":1,"iceandfire:armor_silver_metal_boots":1,"minecraft:crafting_table":4,"minecraft:red_bed":5,"minecraft:crossbow":34,"regions_unexplored:redwood_shrub":1,"cataclysm:lionfish":1,"regions_unexplored:pine_shrub":1,"chococraft:gysahl_green_seeds":1,"minecraft:bread":13,"minecraft:brown_wool":2,"minecraft:iron_pickaxe":124,"regions_unexplored:bamboo_log":1,"biomesoplenty:toadstool":2,"minecraft:green_carpet":2,"minecraft:diamond_sword":271,"minecraft:cobblestone":7,"minecraft:cooked_porkchop":3,"minecraft:bucket":10},"minecraft:crafted":{"chococraft:chocobo_drumstick_cooked":1,"regions_unexplored:maple_planks":32,"minecraft:cooked_mutton":5,"minecraft:iron_axe":1,"iceandfire:armor_silver_metal_boots":1,"sophisticatedbackpacks:iron_backpack":1,"minecraft:cooked_beef":30,"minecraft:cooked_porkchop":3,"iceandfire:silver_ingot":8,"minecraft:crafting_table":1,"minecraft:spruce_planks":8,"minecraft:copper_ingot":14,"minecraft:bucket":1,"minecraft:air":0,"minecraft:bread":4,"minecraft:gold_nugget":63,"minecraft:iron_ingot":26,"minecraft:iron_pickaxe":1,"chococraft:chocobo_saddle":1,"minecraft:gold_ingot":55,"magistuarmory:rusted_bastardsword":2,"minecraft:torch":20},"minecraft:custom":{"minecraft:interact_with_smithing_table":3,"minecraft:interact_with_anvil":2,"minecraft:mob_kills":50,"minecraft:interact_with_crafting_table":14,"minecraft:open_barrel":56,"minecraft:interact_with_campfire":3,"minecraft:bell_ring":9,"minecraft:damage_dealt_resisted":516,"minecraft:leave_game":3,"minecraft:time_since_death":15977,"minecraft:climb_one_cm":18414,"minecraft:damage_resisted":0,"minecraft:sprint_one_cm":825202,"minecraft:walk_one_cm":1474858,"minecraft:damage_blocked_by_shield":1924,"minecraft:drop":118,"minecraft:talked_to_villager":4,"minecraft:play_time":223036,"minecraft:deaths":7,"minecraft:sneak_time":2815,"minecraft:walk_under_water_one_cm":19326,"minecraft:interact_with_lectern":1,"minecraft:jump":3560,"minecraft:interact_with_brewingstand":1,"minecraft:walk_on_water_one_cm":41951,"minecraft:total_world_time":223036,"minecraft:interact_with_furnace":77,"tombstone:raider_killed":2,"minecraft:tune_noteblock":2,"vampirism:interact_with_research_table":3,"vampirism:interact_with_garlic_diffuser":2,"minecraft:sleep_in_bed":7,"minecraft:time_since_rest":14789,"minecraft:damage_taken":6492,"minecraft:damage_dealt":9006,"minecraft:swim_one_cm":71696,"minecraft:fly_one_cm":1326324,"minecraft:open_chest":73,"minecraft:crouch_one_cm":12206,"tombstone:undead_killed":13,"minecraft:interact_with_smoker":9,"minecraft:fall_one_cm":83628,"minecraft:horse_one_cm":1638},"minecraft:picked_up":{"minecraft:crafting_table":4,"minecraft:allium":3,"minecraft:chicken":3,"born_in_chaos_v1:river_mint":1,"minecraft:diamond_sword":2,"regions_unexplored:maple_planks":6,"minecraft:shield":4,"minecraft:string":9,"minecraft:red_bed":5,"minecraft:soul_soil":1,"minecraft:raw_copper":14,"minecraft:iron_axe":1,"epicfight:stray_hat":1,"minecraft:item_frame":1,"minecraft:cyan_carpet":7,"minecraft:gold_nugget":12,"minecraft:spruce_planks":8,"hunters_return:boomerang":1,"minecraft:beef":29,"regions_unexplored:peat_podzol":1,"minecraft:rose_bush":2,"minecraft:player_head":4,"minecraft:iron_nugget":1,"minecraft:spruce_slab":1,"upgrade_aquatic:mulberry":9,"regions_unexplored:pine_shrub":1,"minecraft:tipped_arrow":2,"minecraft:stick":13,"minecraft:raw_iron":32,"apotheosis:gem":3,"born_in_chaos_v1:shattered_skull":1,"minecraft:torch":1,"sophisticatedbackpacks:backpack":1,"epicfight:skillbook":2,"minecraft:porkchop":3,"farmersdelight:tomato_seeds":6,"tombstone:grave_dust":5,"minecraft:trident":1,"minecraft:golden_chestplate":1,"minecraft:brown_carpet":3,"minecraft:arrow":55,"minecraft:rotten_flesh":29,"farmersdelight:onion":1,"supplementaries:quiver":1,"chococraft:chocobo_drumstick_raw":1,"minecraft:mutton":5,"minecraft:white_wool":2,"minecraft:cobblestone":7,"regions_unexplored:peat_dirt":2,"born_in_chaos_v1:corpse_maggot":2,"minecraft:feather":2,"minecraft:cooked_beef":21,"minecraft:brown_wool":2,"minecraft:leather":13,"realmrpg_creep:creeping_sprout":2,"paraglider:spirit_orb":4,"scalinghealth:bandages":4,"minecraft:oak_log":1,"minecraft:chainmail_chestplate":1,"scalinghealth:heart_crystal":2,"minecraft:lapis_lazuli":8,"minecraft:dirt":73,"minecraft:lantern":2,"minecraft:cooked_mutton":3,"chococraft:chocobo_feather":1,"minecraft:bone":10,"chococraft:gysahl_green":6,"minecraft:stone_bricks":4,"minecraft:apple":21,"duneons:mossendirt":1,"minecraft:bow":5,"minecraft:wheat_seeds":15,"minecraft:cooked_chicken":3,"minecraft:cobweb":3,"minecraft:bamboo":61,"minecraft:moss_block":1,"minecraft:iron_sword":1,"minecraft:soul_sand":1,"regions_unexplored:bamboo_log":1,"minecraft:book":24,"biomesoplenty:toadstool":4,"irons_spellbooks:frozen_bone":10,"minecraft:cooked_porkchop":3,"minecraft:gray_glazed_terracotta":1,"patchouli:guide_book":3,"born_in_chaos_v1:ethereal_spirit":2,"vampirism:crucifix_normal":1,"minecraft:stripped_spruce_log":2,"chococraft:gysahl_green_seeds":8,"minecraft:spruce_log":1,"minecraft:green_carpet":2,"minecraft:spider_eye":1,"alexsmobs:animal_dictionary":1,"minecraft:mossy_cobblestone":1,"minecraft:brick_slab":1,"graveyard:oak_coffin":2,"magistuarmory:rusted_bastardsword":5,"regions_unexplored:redwood_shrub":1,"minecraft:crossbow":3,"regions_unexplored:maple_log":8,"minecraft:mossy_cobblestone_stairs":1,"grimoireofgaia:fur":1,"biomesoplenty:pink_daffodil":12,"tombstone:magic_scroll":1,"minecraft:oak_sapling":1,"born_in_chaos_v1:rotten_fish":1,"minecraft:coal":47,"minecraft:andesite_slab":2,"iceandfire:raw_silver":8},"minecraft:dropped":{"minecraft:iron_ingot":35,"minecraft:porkchop":3,"minecraft:wheat_seeds":15,"minecraft:lapis_lazuli":8,"minecraft:crossbow":2,"minecraft:leather":2,"chococraft:gysahl_green_seeds":7,"minecraft:leather_helmet":1,"born_in_chaos_v1:monster_flesh":2,"minecraft:cobweb":14,"tombstone:magic_scroll":1,"born_in_chaos_v1:river_mint":1,"minecraft:mutton":8,"magistuarmory:rusted_bastardsword":2,"farmersdelight:onion":1,"minecraft:gold_nugget":59,"minecraft:iron_axe":1,"minecraft:chainmail_leggings":1,"minecraft:string":2,"irons_spellbooks:frozen_bone":6,"minecraft:white_wool":2,"biomesoplenty:toadstool":2,"minecraft:golden_chestplate":1,"alexsmobs:animal_dictionary":1,"born_in_chaos_v1:ethereal_spirit":2,"born_in_chaos_v1:rotten_fish":1,"minecraft:rotten_flesh":27,"evilcraft:origins_of_darkness":1,"patchouli:guide_book":3,"minecraft:filled_map":1,"minecraft:shield":3,"minecraft:trident":1,"grimoireofgaia:fur":1,"born_in_chaos_v1:corpse_maggot":2,"apotheosis:gem":2,"minecraft:oak_sapling":1,"minecraft:bamboo":3,"chococraft:chocobo_saddle":1,"minecraft:bow":7,"minecraft:arrow":23,"hunters_return:boomerang":1,"minecraft:beef":1,"scalinghealth:bandages":2,"chococraft:gysahl_green":4,"epicfight:skillbook":1},"minecraft:killed_by":{"iceandfire:cyclops":1,"minecraft:piglin_brute":1,"realmrpg_creep:halloweed":1,"grimoireofgaia:minotaurus":1,"minecraft:skeleton":1},"minecraft:mined":{"minecraft:spruce_planks":8,"iceandfire:silver_ore":8,"minecraft:mossy_cobblestone":1,"regions_unexplored:maple_planks":6,"regions_unexplored:maple_log":8,"minecraft:gray_glazed_terracotta":1,"biomesoplenty:bush":3,"minecraft:allium":1,"minecraft:grass_block":44,"regions_unexplored:pine_shrub":2,"minecraft:brown_wool":1,"minecraft:soul_soil":1,"minecraft:moss_block":1,"farmersdelight:wild_onions":1,"minecraft:spawner":2,"minecraft:large_fern":1,"minecraft:tall_seagrass":2,"minecraft:mossy_cobblestone_slab":1,"minecraft:mossy_cobblestone_stairs":1,"biomesoplenty:toadstool":2,"minecraft:iron_ore":31,"minecraft:fire":3,"minecraft:stripped_spruce_log":1,"regions_unexplored:pine_leaves":1,"chococraft:gysahl_green":3,"biomesoplenty:high_grass":7,"minecraft:deepslate_iron_ore":1,"minecraft:cobblestone_slab":1,"duneons:mossendirt":1,"minecraft:green_carpet":2,"regions_unexplored:medium_grass":5,"minecraft:bamboo":7,"minecraft:stone":7,"minecraft:player_head":4,"minecraft:podzol":2,"regions_unexplored:redwood_shrub":1,"minecraft:red_bed":5,"minecraft:soul_sand":1,"minecraft:crafting_table":4,"minecraft:torch":1,"regions_unexplored:peat_grass_block":2,"minecraft:rose_bush":1,"minecraft:dead_bush":7,"minecraft:andesite_slab":2,"biomesoplenty:high_grass_plant":8,"minecraft:tall_grass":3,"minecraft:copper_ore":5,"minecraft:cobblestone":1,"farmersdelight:wild_tomatoes":6,"minecraft:lapis_ore":1,"regions_unexplored:bamboo_log":1,"realmrpg_skeletons:bow_skeleton":1,"biomesoplenty:magic_leaves":1,"minecraft:brick_slab":1,"graveyard:oak_coffin":2,"biomesoplenty:pink_daffodil":12,"minecraft:spruce_log":1,"born_in_chaos_v1:river_mint":1,"minecraft:grass":22,"minecraft:coal_ore":54,"regions_unexplored:peat_dirt":6,"minecraft:cyan_carpet":3,"minecraft:dirt":34,"minecraft:cobweb":2,"regions_unexplored:peat_podzol":1,"minecraft:stone_bricks":4,"minecraft:fern":7,"minecraft:oak_leaves":11},"minecraft:killed":{"grimoireofgaia:satyress":1,"born_in_chaos_v1:restless_spirit":1,"enemyexpansion:equestrian":1,"minecraft:spider":3,"earthtojavamobs:piebald_pig":1,"enemyexpansion:direwolf":1,"born_in_chaos_v1:maggot":3,"minecraft:skeleton":5,"born_in_chaos_v1:corpse_fish":2,"hunters_return:hunter":2,"grimoireofgaia:yuki_onna":1,"undead_revamp2:the_moonflower":1,"vampirism:hunter":1,"minecraft:sheep":2,"enemyexpansion:meature":1,"earthtojavamobs:flecked_sheep":1,"minecraft:zombie":1,"minecraft:stray":3,"born_in_chaos_v1:corpse_fly":2,"grimoireofgaia:harpy":2,"chococraft:chocobo":1,"minecraft:cow":13}},"DataVersion":3465}