{"stats":{"minecraft:killed_by":{"iceandfire:cyclops":1,"minecraft:piglin_brute":1,"alexsmobs:leafcutter_ant":1,"undead_revamp2:clogger":1,"realmrpg_creep:halloweed":1,"grimoireofgaia:minotaurus":1,"minecraft:skeleton":1},"minecraft:dropped":{"minecraft:porkchop":3,"minecraft:lapis_lazuli":8,"minecraft:crossbow":2,"minecraft:leather":2,"minecraft:leather_helmet":1,"born_in_chaos_v1:monster_flesh":2,"minecraft:mutton":8,"magistuarmory:rusted_bastardsword":2,"farmersdelight:onion":1,"minecraft:gold_nugget":59,"minecraft:white_wool":2,"biomesoplenty:toadstool":2,"minecraft:iron_nugget":1,"minecraft:golden_chestplate":1,"alexsmobs:animal_dictionary":1,"born_in_chaos_v1:ethereal_spirit":2,"minecraft:rotten_flesh":27,"patchouli:guide_book":3,"supplementaries:ash":1,"minecraft:trident":1,"born_in_chaos_v1:corpse_maggot":4,"apotheosis:gem":2,"chococraft:chocobo_saddle":1,"minecraft:arrow":23,"minecraft:beef":1,"minecraft:iron_ingot":35,"minecraft:wheat_seeds":18,"chococraft:gysahl_green_seeds":7,"minecraft:cobweb":14,"born_in_chaos_v1:river_mint":1,"tombstone:magic_scroll":1,"minecraft:iron_axe":1,"minecraft:chainmail_leggings":2,"minecraft:string":2,"irons_spellbooks:frozen_bone":6,"born_in_chaos_v1:rotten_fish":1,"evilcraft:origins_of_darkness":1,"minecraft:filled_map":1,"minecraft:shield":3,"grimoireofgaia:fur":1,"minecraft:oak_sapling":1,"minecraft:bamboo":3,"hunters_return:boomerang":1,"minecraft:bow":7,"scalinghealth:bandages":2,"chococraft:gysahl_green":4,"epicfight:skillbook":1},"minecraft:killed":{"born_in_chaos_v1:restless_spirit":1,"enemyexpansion:equestrian":1,"minecraft:spider":3,"earthtojavamobs:piebald_pig":1,"minecraft:skeleton":5,"alexsmobs:leafcutter_ant":1,"hunters_return:hunter":2,"vampirism:hunter":1,"minecraft:sheep":2,"enemyexpansion:meature":1,"earthtojavamobs:flecked_sheep":1,"minecraft:zombie":1,"born_in_chaos_v1:corpse_fly":2,"grimoireofgaia:harpy":2,"minecraft:stray":3,"minecraft:cow":13,"chococraft:chocobo":1,"grimoireofgaia:satyress":1,"enemyexpansion:direwolf":1,"born_in_chaos_v1:maggot":3,"born_in_chaos_v1:corpse_fish":2,"undead_revamp2:the_moonflower":1,"grimoireofgaia:yuki_onna":1,"grimoireofgaia:oni":1},"minecraft:used":{"minecraft:moss_block":1,"minecraft:iron_shovel":50,"minecraft:spruce_slab":1,"minecraft:shield":31,"chococraft:chocobo_drumstick_cooked":1,"minecraft:brick_slab":1,"minecraft:allium":3,"minecraft:stripped_spruce_log":1,"minecraft:lantern":2,"minecraft:stone_bricks":4,"minecraft:item_frame":1,"minecraft:bow":1,"minecraft:brown_carpet":3,"duneons:mossendirt":1,"epicfight:skillbook":1,"upgrade_aquatic:mulberry":1,"iceandfire:armor_silver_metal_boots":1,"minecraft:crossbow":35,"cataclysm:lionfish":1,"minecraft:bread":16,"minecraft:brown_wool":2,"regions_unexplored:bamboo_log":1,"minecraft:diamond_sword":301,"minecraft:rose_bush":2,"minecraft:spruce_planks":8,"minecraft:cooked_chicken":3,"regions_unexplored:maple_planks":10,"minecraft:torch":1,"minecraft:dirt":50,"scalinghealth:heart_crystal":2,"minecraft:chainmail_chestplate":2,"minecraft:mossy_cobblestone_stairs":1,"minecraft:iron_axe":33,"minecraft:iron_boots":1,"minecraft:bamboo":1,"minecraft:gray_glazed_terracotta":1,"minecraft:soul_soil":1,"minecraft:cooked_beef":14,"minecraft:cooked_mutton":9,"minecraft:water_bucket":10,"regions_unexplored:peat_dirt":2,"minecraft:andesite_slab":2,"minecraft:mossy_cobblestone":1,"regions_unexplored:peat_podzol":1,"minecraft:crafting_table":4,"minecraft:red_bed":5,"regions_unexplored:redwood_shrub":1,"minecraft:oak_log":1,"regions_unexplored:pine_shrub":1,"chococraft:gysahl_green_seeds":1,"minecraft:iron_pickaxe":139,"biomesoplenty:toadstool":2,"minecraft:green_carpet":2,"minecraft:cobblestone":7,"minecraft:cooked_porkchop":3,"minecraft:bucket":10},"minecraft:broken":{"minecraft:iron_helmet":1},"minecraft:mined":{"minecraft:spruce_planks":8,"regions_unexplored:maple_planks":6,"regions_unexplored:maple_log":8,"alexsmobs:leafcutter_anthill":1,"minecraft:grass_block":46,"minecraft:brown_wool":1,"regions_unexplored:pine_shrub":2,"minecraft:soul_soil":1,"minecraft:spawner":2,"minecraft:tall_seagrass":2,"minecraft:mossy_cobblestone_slab":1,"minecraft:mossy_cobblestone_stairs":1,"minecraft:iron_ore":31,"minecraft:fire":3,"regions_unexplored:pine_leaves":1,"chococraft:gysahl_green":3,"minecraft:green_carpet":2,"minecraft:iron_block":14,"minecraft:player_head":4,"minecraft:red_bed":5,"minecraft:torch":1,"regions_unexplored:peat_grass_block":2,"minecraft:dead_bush":7,"minecraft:cobblestone":1,"regions_unexplored:bamboo_log":1,"biomesoplenty:magic_leaves":1,"realmrpg_skeletons:bow_skeleton":1,"graveyard:oak_coffin":2,"born_in_chaos_v1:river_mint":1,"minecraft:grass":22,"regions_unexplored:peat_dirt":6,"minecraft:dirt":34,"minecraft:oak_leaves":12,"iceandfire:silver_ore":8,"minecraft:mossy_cobblestone":1,"minecraft:gray_glazed_terracotta":1,"biomesoplenty:bush":3,"minecraft:allium":1,"minecraft:moss_block":1,"minecraft:large_fern":5,"farmersdelight:wild_onions":1,"biomesoplenty:toadstool":2,"minecraft:stripped_spruce_log":1,"minecraft:cobblestone_slab":1,"biomesoplenty:high_grass":7,"minecraft:deepslate_iron_ore":1,"duneons:mossendirt":1,"regions_unexplored:medium_grass":12,"minecraft:bamboo":7,"minecraft:stone":7,"minecraft:podzol":3,"regions_unexplored:redwood_shrub":1,"minecraft:soul_sand":1,"minecraft:crafting_table":4,"minecraft:rose_bush":1,"minecraft:andesite_slab":2,"biomesoplenty:high_grass_plant":8,"minecraft:tall_grass":3,"minecraft:copper_ore":5,"farmersdelight:wild_tomatoes":6,"minecraft:lapis_ore":1,"minecraft:brick_slab":1,"biomesoplenty:pink_daffodil":12,"minecraft:spruce_log":1,"minecraft:coal_ore":54,"minecraft:cyan_carpet":3,"minecraft:cobweb":2,"minecraft:stone_bricks":4,"regions_unexplored:peat_podzol":1,"minecraft:fern":17},"minecraft:custom":{"minecraft:interact_with_crafting_table":14,"minecraft:open_barrel":56,"minecraft:bell_ring":14,"minecraft:leave_game":8,"minecraft:time_since_death":3323,"minecraft:damage_resisted":0,"minecraft:sprint_one_cm":888877,"minecraft:damage_blocked_by_shield":1924,"minecraft:drop":126,"vampirism:interact_with_totem":1,"minecraft:talked_to_villager":4,"minecraft:play_time":256300,"minecraft:deaths":9,"minecraft:jump":3942,"minecraft:interact_with_brewingstand":1,"minecraft:walk_on_water_one_cm":41951,"minecraft:interact_with_furnace":77,"vampirism:interact_with_research_table":3,"minecraft:sleep_in_bed":7,"minecraft:damage_dealt":9539,"minecraft:crouch_one_cm":12580,"tombstone:undead_killed":13,"minecraft:interact_with_smoker":9,"minecraft:horse_one_cm":1638,"minecraft:interact_with_smithing_table":3,"minecraft:mob_kills":52,"minecraft:interact_with_anvil":2,"minecraft:interact_with_campfire":3,"minecraft:damage_dealt_resisted":516,"minecraft:climb_one_cm":18935,"minecraft:walk_one_cm":1642803,"minecraft:sneak_time":2910,"minecraft:walk_under_water_one_cm":19326,"minecraft:interact_with_lectern":1,"minecraft:total_world_time":256300,"tombstone:raider_killed":2,"minecraft:tune_noteblock":2,"vampirism:interact_with_garlic_diffuser":2,"minecraft:time_since_rest":3134,"minecraft:damage_taken":7193,"minecraft:swim_one_cm":71696,"minecraft:fly_one_cm":1414400,"minecraft:open_chest":79,"minecraft:fall_one_cm":89416},"minecraft:crafted":{"regions_unexplored:maple_planks":32,"minecraft:cooked_mutton":5,"minecraft:cooked_porkchop":3,"minecraft:crafting_table":1,"minecraft:spruce_planks":8,"minecraft:copper_ingot":14,"minecraft:iron_ingot":26,"minecraft:iron_pickaxe":1,"minecraft:gold_ingot":55,"magistuarmory:rusted_bastardsword":2,"chococraft:chocobo_drumstick_cooked":1,"minecraft:iron_axe":1,"iceandfire:armor_silver_metal_boots":1,"sophisticatedbackpacks:iron_backpack":1,"minecraft:cooked_beef":30,"iceandfire:silver_ingot":8,"minecraft:bucket":1,"minecraft:bread":4,"minecraft:air":0,"minecraft:gold_nugget":63,"chococraft:chocobo_saddle":1,"minecraft:torch":20},"minecraft:picked_up":{"minecraft:diamond_sword":2,"regions_unexplored:maple_planks":6,"minecraft:string":9,"minecraft:soul_soil":1,"minecraft:raw_copper":14,"minecraft:gold_nugget":12,"hunters_return:boomerang":1,"minecraft:spruce_planks":8,"minecraft:rose_bush":2,"upgrade_aquatic:mulberry":9,"regions_unexplored:pine_shrub":1,"minecraft:tipped_arrow":2,"minecraft:stick":13,"apotheosis:gem":3,"born_in_chaos_v1:shattered_skull":1,"minecraft:torch":1,"epicfight:skillbook":2,"minecraft:porkchop":3,"tombstone:grave_dust":5,"minecraft:golden_chestplate":1,"minecraft:brown_carpet":3,"minecraft:rotten_flesh":29,"farmersdelight:onion":1,"minecraft:iron_block":14,"chococraft:chocobo_drumstick_raw":1,"supplementaries:quiver":1,"supplementaries:ash":1,"minecraft:cobblestone":7,"minecraft:feather":2,"minecraft:cooked_beef":21,"minecraft:brown_wool":2,"paraglider:spirit_orb":4,"minecraft:lapis_lazuli":8,"minecraft:dirt":95,"minecraft:lantern":2,"minecraft:bone":10,"duneons:mossendirt":1,"minecraft:bow":5,"minecraft:wheat_seeds":18,"minecraft:bamboo":61,"minecraft:moss_block":1,"regions_unexplored:bamboo_log":1,"biomesoplenty:toadstool":4,"minecraft:cooked_porkchop":3,"irons_spellbooks:frozen_bone":10,"minecraft:gray_glazed_terracotta":1,"relics:hunter_belt":1,"patchouli:guide_book":3,"vampirism:crucifix_normal":1,"minecraft:stripped_spruce_log":2,"alexsmobs:animal_dictionary":1,"minecraft:mossy_cobblestone":1,"graveyard:oak_coffin":2,"minecraft:crossbow":3,"regions_unexplored:redwood_shrub":1,"minecraft:oak_sapling":1,"biomesoplenty:pink_daffodil":12,"born_in_chaos_v1:rotten_fish":1,"grimoireofgaia:fur":1,"minecraft:andesite_slab":2,"iceandfire:raw_silver":8,"minecraft:crafting_table":4,"minecraft:allium":3,"minecraft:chicken":3,"born_in_chaos_v1:river_mint":1,"minecraft:shield":4,"minecraft:red_bed":5,"minecraft:iron_axe":1,"epicfight:stray_hat":1,"minecraft:item_frame":1,"minecraft:cyan_carpet":7,"minecraft:beef":29,"minecraft:player_head":4,"regions_unexplored:peat_podzol":1,"minecraft:iron_nugget":2,"minecraft:spruce_slab":1,"minecraft:raw_iron":32,"sophisticatedbackpacks:backpack":1,"farmersdelight:tomato_seeds":6,"minecraft:trident":1,"minecraft:arrow":55,"minecraft:mutton":5,"minecraft:white_wool":2,"born_in_chaos_v1:corpse_maggot":4,"regions_unexplored:peat_dirt":2,"minecraft:leather":13,"realmrpg_creep:creeping_sprout":2,"minecraft:oak_log":2,"minecraft:chainmail_chestplate":1,"scalinghealth:bandages":4,"scalinghealth:heart_crystal":2,"minecraft:cooked_mutton":3,"chococraft:chocobo_feather":1,"chococraft:gysahl_green":6,"minecraft:apple":21,"minecraft:stone_bricks":4,"minecraft:cooked_chicken":3,"minecraft:cobweb":3,"minecraft:soul_sand":1,"minecraft:iron_sword":1,"minecraft:book":24,"born_in_chaos_v1:ethereal_spirit":2,"magistuarmory:rustednorman_helmet":1,"chococraft:gysahl_green_seeds":8,"minecraft:spruce_log":1,"minecraft:green_carpet":2,"minecraft:spider_eye":1,"minecraft:brick_slab":1,"magistuarmory:rusted_bastardsword":5,"minecraft:chainmail_leggings":1,"regions_unexplored:maple_log":8,"minecraft:mossy_cobblestone_stairs":1,"tombstone:magic_scroll":1,"minecraft:coal":47}},"DataVersion":3465}