{"stats":{"minecraft:broken":{"epicfight:stray_pants":1,"minecraft:leather_leggings":1,"minecraft:chainmail_boots":1,"minecraft:stone_axe":2,"shieldexp:wooden_shield":1,"minecraft:iron_pickaxe":1,"minecraft:iron_helmet":1,"iceandfire:armor_copper_metal_chestplate":1,"minecraft:turtle_helmet":1},"minecraft:killed":{"born_in_chaos_v1:restless_spirit":1,"earthtojavamobs:cream_cow":2,"minecraft:spider":3,"monsterplus:glow_skeleton":1,"minecraft:chicken":2,"minecraft:silverfish":1,"minecraft:pig":1,"enemyexpansion:ladybug":2,"realmrpg_creep:creepling":1,"grimoireofgaia:bone_knight":1,"minecraft:sheep":5,"minecraft:trader_llama":1,"minecraft:zombie":4,"earthtojavamobs:flecked_sheep":2,"born_in_chaos_v1:dread_hound":4,"born_in_chaos_v1:corpse_fly":4,"minecraft:stray":1,"alexsmobs:fly":2,"minecraft:cow":4,"enemyexpansion:wasp":2,"mowziesmobs:naga":3,"born_in_chaos_v1:thornshell_crab":1,"born_in_chaos_v1:maggot":6,"grimoireofgaia:bee":1,"farlanders:looter":1,"born_in_chaos_v1:baby_skeleton":1,"majruszsdifficulty:cursed_armor":2,"born_in_chaos_v1:decrepit_skeleton":1,"evilcraft:poisonous_libelle":1,"monsterplus:overgrown_skeleton":1},"minecraft:picked_up":{"minecraft:chainmail_boots":1,"enemyexpansion:wasp_thorax":1,"minecraft:enchanted_book":2,"tombstone:grave_key":1,"iceandfire:manuscript":1,"minecraft:string":14,"minecraft:raw_copper":52,"biomesoplenty:tall_lavender":1,"minecraft:gold_nugget":1,"minecraft:cobbled_deepslate":39,"minecraft:rose_bush":1,"minecraft:iron_pickaxe":1,"upgrade_aquatic:embedded_ammonite":1,"minecraft:coal_block":1,"minecraft:tipped_arrow":1,"minecraft:stick":13,"apotheosis:gem":3,"iceandfire:copper_pickaxe":1,"minecraft:torch":43,"mowziesmobs:dart":4,"iceandfire:rotten_egg":1,"tombstone:grave_dust":2,"minecraft:vine":1,"gobber2:gobber2_foo":2,"minecraft:orange_bed":3,"minecraft:rotten_flesh":11,"farmersdelight:onion":1,"supplementaries:ash":13,"minecraft:cobblestone":220,"biomesoplenty:lavender":1,"born_in_chaos_v1:staffof_magic_arrows":2,"minecraft:feather":3,"minecraft:cooked_beef":9,"magistuarmory:rustedchainmail_boots":2,"minecraft:brown_wool":2,"minecraft:dark_oak_boat":1,"minecraft:tuff":2,"evilcraft:flesh_humanoid":2,"farmersdelight:tomato":2,"minecraft:dirt":15,"born_in_chaos_v1:monster_skin":5,"minecraft:bone":9,"minecraft:bow":1,"gobber2:gobber2_gooey_beef":11,"minecraft:wheat_seeds":11,"gobber2:gobber2_globette":26,"minecraft:oak_planks":4,"gobber2:gobber2_gooey_bread":18,"minecraft:cooked_porkchop":1,"relics:hunter_belt":1,"minecraft:spectral_arrow":1,"minecraft:dark_oak_log":18,"grimoireofgaia:shiny_pearl":1,"graveyard:oak_coffin":1,"minecraft:iron_hoe":1,"minecraft:clay":1,"minecraft:diamond":8,"duneons:energybag":1,"duneons:rapier":1,"minecraft:bone_meal":1,"minecraft:chainmail_helmet":2,"scalinghealth:cursed_heart":1,"alexsmobs:maggot":2,"minecraft:oak_sapling":1,"gobber2:gobber2_goo":16,"iceandfire:raw_silver":24,"minecraft:crafting_table":1,"minecraft:allium":3,"minecraft:chicken":2,"minecraft:clay_ball":5,"minecraft:turtle_helmet":1,"biomesoplenty:jacaranda_sapling":4,"minecraft:shield":1,"epicfight:stray_pants":1,"minecraft:iron_axe":1,"evilcraft:poison_sac":1,"farlanders:ender_horn":3,"minecraft:item_frame":1,"iceandfire:bestiary":1,"paraglider:rito_goddess_statue":1,"tombstone:scroll_of_unstable_intangibility":1,"minecraft:beef":7,"minecraft:oak_boat":7,"minecraft:poppy":1,"minecraft:egg":6,"minecraft:dark_oak_sapling":1,"minecraft:raw_iron":24,"minecraft:glow_item_frame":1,"sophisticatedbackpacks:backpack":1,"iceandfire:armor_copper_metal_boots":1,"minecraft:trident":2,"duneons:beehive_helmet":2,"minecraft:arrow":4,"biomesoplenty:jacaranda_log":60,"minecraft:pumpkin_pie":13,"born_in_chaos_v1:spiny_shell":8,"sophisticatedbackpacks:copper_backpack":1,"minecraft:mutton":4,"minecraft:white_wool":10,"iceandfire:silver_axe":1,"born_in_chaos_v1:corpse_maggot":10,"minecraft:air":0,"born_in_chaos_v1:monster_flesh":9,"minecraft:glow_ink_sac":1,"minecraft:leather":9,"gobber2:gobber2_gooey_beefstew":7,"magistuarmory:silver_katzbalger":2,"realmrpg_creep:creeping_sprout":1,"minecraft:oak_log":60,"minecraft:chainmail_chestplate":2,"biomesoplenty:jacaranda_planks":2,"scalinghealth:heart_crystal":1,"minecraft:cooked_mutton":5,"chococraft:gysahl_green":9,"minecraft:apple":1,"minecraft:kelp":1,"minecraft:iron_ingot":26,"scalinghealth:power_crystal_shard":6,"minecraft:iron_sword":3,"scalinghealth:heart_crystal_shard":3,"minecraft:stone_brick_slab":1,"born_in_chaos_v1:ethereal_spirit":1,"minecraft:spyglass":1,"chococraft:gysahl_green_seeds":4,"minecraft:spruce_sapling":13,"minecraft:blast_furnace":2,"minecraft:spruce_log":108,"minecraft:spider_eye":2,"biomesoplenty:flowering_oak_sapling":1,"mowziesmobs:naga_fang":4,"iceandfire:silver_pickaxe":1,"monsterplus:crystal_shard":1,"minecraft:chainmail_leggings":1,"minecraft:iron_helmet":2,"evilcraft:dark_gem":23,"minecraft:gray_wool":1,"minecraft:baked_potato":12,"tombstone:magic_scroll":1,"minecraft:stripped_dark_oak_log":1,"minecraft:coal":51},"minecraft:dropped":{"farmersdelight:iron_knife":1,"minecraft:cooked_beef":3,"minecraft:oak_log":56,"minecraft:baked_potato":36,"minecraft:ender_pearl":1,"minecraft:diamond":3,"minecraft:cooked_porkchop":1,"minecraft:leather":2,"mowziesmobs:naga_fang":1,"minecraft:dark_oak_log":12,"duneons:rapier":1,"iceandfire:armor_copper_metal_boots":1,"farmersdelight:onion":1,"minecraft:pumpkin_pie":13,"iceandfire:copper_pickaxe":1,"gobber2:gobber2_goo":5,"minecraft:dark_oak_boat":1,"gobber2:gobber2_gooey_bread":10,"born_in_chaos_v1:ethereal_spirit":1,"minecraft:rotten_flesh":8,"farlanders:ender_horn":3,"minecraft:cooked_mutton":2,"gobber2:gobber2_gooey_beefstew":1,"evilcraft:flesh_humanoid":4,"supplementaries:ash":3,"minecraft:trident":1,"minecraft:arrow":5,"iceandfire:armor_copper_metal_leggings":1,"minecraft:written_book":1,"minecraft:iron_ingot":15,"minecraft:bread":6,"minecraft:wheat_seeds":10,"gobber2:gobber2_foo":2,"minecraft:poisonous_potato":1,"minecraft:feather":3,"minecraft:spectral_arrow":1,"chococraft:gysahl_green_seeds":1,"minecraft:chainmail_helmet":1,"biomesoplenty:jacaranda_log":41,"tombstone:grave_key":3,"born_in_chaos_v1:staffof_magic_arrows":1,"minecraft:string":5,"minecraft:kelp":1,"alexsmobs:maggot":1,"minecraft:raw_copper":2,"gobber2:gobber2_gooey_beef":2,"minecraft:clay_ball":5,"scalinghealth:power_crystal_shard":2,"minecraft:shield":1,"magistuarmory:silver_shortsword":1,"realmrpg_creep:creeping_sprout":1,"minecraft:oak_boat":1,"minecraft:spruce_log":81,"minecraft:bow":1,"chococraft:gysahl_green":1},"minecraft:killed_by":{"born_in_chaos_v1:nightmare_stalker":3,"iceandfire:siren":1,"monsterplus:crystal_zombie":1,"born_in_chaos_v1:zombie_bruiser":1,"realmrpg_creep:creepling":8,"realmrpg_creep:halloweed":3,"grimoireofgaia:cecaelia":5,"grimoireofgaia:bone_knight":1,"iceandfire:ice_dragon":1,"minecraft:zombie":2,"born_in_chaos_v1:scarlet_persecutor":4,"farlanders:looter":3,"born_in_chaos_v1:dire_hound_leader":2,"minecraft:player":5,"born_in_chaos_v1:restless_spirit":1,"minecraft:stray":2,"minecraft:spider":1,"born_in_chaos_v1:zombie_clown":1,"monsterplus:glow_skeleton":1,"enemyexpansion:wasp":1,"enemyexpansion:ladybug":1,"iceandfire:ghost":1,"born_in_chaos_v1:dread_hound":2,"mowziesmobs:naga":4},"minecraft:custom":{"minecraft:interact_with_crafting_table":40,"minecraft:open_barrel":22,"minecraft:bell_ring":16,"minecraft:leave_game":12,"minecraft:time_since_death":9049,"minecraft:damage_resisted":0,"minecraft:sprint_one_cm":1407784,"minecraft:drop":117,"minecraft:talked_to_villager":3,"minecraft:play_time":438002,"minecraft:deaths":57,"minecraft:jump":6951,"minecraft:walk_on_water_one_cm":135947,"minecraft:interact_with_furnace":49,"minecraft:sleep_in_bed":9,"minecraft:waystone_activated":2,"tombstone:sneak_grave":2,"minecraft:damage_dealt":17503,"minecraft:player_kills":2,"minecraft:crouch_one_cm":27650,"tombstone:undead_killed":10,"minecraft:interact_with_smoker":3,"minecraft:mob_kills":66,"minecraft:damage_dealt_resisted":767,"minecraft:climb_one_cm":2222,"minecraft:walk_one_cm":2628582,"minecraft:damage_dealt_absorbed":31,"minecraft:sneak_time":7830,"minecraft:walk_under_water_one_cm":77338,"minecraft:boat_one_cm":444753,"minecraft:interact_with_lectern":1,"minecraft:interact_with_blast_furnace":9,"minecraft:total_world_time":438002,"minecraft:interact_with_grindstone":2,"minecraft:interact_with_stonecutter":1,"minecraft:time_since_rest":7530,"minecraft:damage_taken":26060,"minecraft:swim_one_cm":318400,"minecraft:fly_one_cm":2075320,"minecraft:open_chest":246,"minecraft:fall_one_cm":164582},"minecraft:mined":{"minecraft:mossy_stone_brick_slab":1,"paraglider:rito_goddess_statue":1,"minecraft:grass_block":4,"gobber2:gobber2_ore_deepslate":22,"gobber2:gobber2_lucky_block":49,"biomesoplenty:flowering_oak_leaves":3,"minecraft:coal_block":2,"biomesoplenty:tall_lavender":3,"gobber2:gobber2_ore":4,"minecraft:iron_ore":8,"minecraft:fire":2,"biomesoplenty:lavender":5,"chococraft:gysahl_green":3,"minecraft:tripwire":1,"minecraft:orange_bed":2,"biomesoplenty:jacaranda_leaves":24,"biomesoplenty:jacaranda_planks":2,"born_in_chaos_v1:infected_deepslate_diamond_ore":1,"minecraft:torch":1,"minecraft:blast_furnace":2,"minecraft:white_stained_glass_pane":1,"minecraft:cobblestone":16,"minecraft:wall_torch":3,"regions_unexplored:hyssop":1,"realmrpg_skeletons:bow_skeleton":1,"graveyard:oak_coffin":1,"evilcraft:dark_ore_deepslate":1,"minecraft:grass":42,"minecraft:oak_log":60,"minecraft:dirt":7,"realmrpg_skeletons:unsaved_skeleton":1,"minecraft:oak_leaves":16,"minecraft:deepslate":35,"regions_unexplored:fireweed":1,"minecraft:tuff":2,"scalinghealth:power_crystal_ore":2,"iceandfire:silver_ore":24,"minecraft:dark_oak_leaves":1,"minecraft:deepslate_diamond_ore":5,"biomesoplenty:desert_grass":2,"minecraft:dark_oak_log":18,"upgrade_aquatic:embedded_ammonite":1,"biomesoplenty:bush":1,"minecraft:spruce_leaves":10,"minecraft:kelp":1,"biomesoplenty:jacaranda_sapling":1,"farmersdelight:wild_onions":1,"biomesoplenty:jacaranda_log":63,"evilcraft:dark_ore":2,"minecraft:deepslate_iron_ore":6,"biomesoplenty:barley":11,"regions_unexplored:medium_grass":6,"minecraft:stone":336,"minecraft:white_wool":7,"scalinghealth:heart_crystal_ore":3,"minecraft:podzol":5,"minecraft:stripped_dark_oak_log":1,"minecraft:stone_brick_slab":1,"minecraft:crafting_table":2,"minecraft:cyan_stained_glass_pane":1,"minecraft:rose_bush":1,"minecraft:tall_grass":42,"minecraft:copper_ore":15,"supplementaries:urn":2,"minecraft:spruce_log":108,"regions_unexplored:redwood_leaves":1,"minecraft:coal_ore":50,"evilcraft:blood_stain":1,"minecraft:cobweb":2,"minecraft:fern":4},"minecraft:crafted":{"minecraft:cooked_chicken":1,"magistuarmory:silver_shortsword":1,"minecraft:cooked_mutton":4,"iceandfire:armor_copper_metal_boots":1,"sophisticatedbackpacks:copper_backpack":1,"tombstone:grave_key":1,"iceandfire:armor_copper_metal_chestplate":2,"minecraft:chest":4,"iceandfire:silver_axe":2,"biomesoplenty:jacaranda_planks":60,"minecraft:crafting_table":1,"minecraft:spruce_planks":8,"minecraft:copper_ingot":58,"iceandfire:earplugs":1,"farmersdelight:beef_patty":5,"minecraft:stick":52,"minecraft:iron_pickaxe":2,"minecraft:iron_ingot":4,"shieldexp:wooden_shield":1,"magistuarmory:silver_katzbalger":1,"iceandfire:silver_sword":1,"magistuarmory:leather_strip":18,"minecraft:coal":9,"minecraft:furnace":2,"iceandfire:armor_copper_metal_leggings":1,"minecraft:bone_meal":3,"magistuarmory:hilt":8,"minecraft:dark_oak_planks":4,"minecraft:cooked_beef":3,"iceandfire:silver_ingot":15,"minecraft:iron_sword":1,"minecraft:stone_axe":2,"minecraft:air":0,"minecraft:torch":48,"iceandfire:silver_pickaxe":2},"minecraft:used":{"tombstone:scroll_of_unstable_intangibility":1,"gobber2:gobber2_goo":4,"minecraft:poppy":1,"gobber2:gobber2_gooey_bread":11,"minecraft:chest":4,"minecraft:iron_sword":380,"minecraft:allium":3,"minecraft:tuff":2,"born_in_chaos_v1:corpse_maggot":8,"farmersdelight:tomato":2,"minecraft:item_frame":1,"biomesoplenty:jacaranda_sapling":4,"minecraft:oak_sapling":1,"minecraft:furnace":2,"minecraft:egg":9,"minecraft:dark_oak_sapling":1,"epicfight:skillbook":1,"minecraft:oak_planks":2,"magistuarmory:silver_katzbalger":71,"biomesoplenty:lavender":1,"biomesoplenty:flowering_oak_sapling":1,"minecraft:clay":1,"minecraft:white_wool":8,"minecraft:blast_furnace":2,"scalinghealth:cursed_heart":1,"iceandfire:silver_axe":95,"biomesoplenty:jacaranda_planks":2,"iceandfire:silver_pickaxe":348,"minecraft:dark_oak_log":6,"born_in_chaos_v1:monster_flesh":1,"minecraft:bread":46,"minecraft:brown_wool":1,"minecraft:string":1,"chococraft:gysahl_green":2,"minecraft:oak_boat":5,"minecraft:bone_meal":4,"minecraft:trident":15,"iceandfire:silver_sword":13,"minecraft:orange_bed":3,"minecraft:torch":43,"minecraft:dirt":15,"minecraft:spyglass":9,"scalinghealth:heart_crystal":2,"regions_unexplored:hyssop":1,"minecraft:iron_hoe":1,"minecraft:stone_brick_slab":1,"alexsmobs:maggot":1,"upgrade_aquatic:embedded_ammonite":1,"biomesoplenty:tall_lavender":1,"biomesoplenty:jacaranda_log":4,"evilcraft:flesh_humanoid":1,"gobber2:gobber2_gooey_beef":2,"paraglider:rito_goddess_statue":1,"tombstone:gift":5,"minecraft:cooked_beef":2,"minecraft:cobbled_deepslate":7,"minecraft:wheat_seeds":1,"minecraft:cooked_mutton":1,"farmersdelight:iron_knife":26,"minecraft:baked_potato":25,"minecraft:glow_item_frame":1,"minecraft:crafting_table":2,"minecraft:spruce_log":25,"minecraft:oak_log":4,"minecraft:apple":1,"minecraft:iron_pickaxe":248,"minecraft:spruce_sapling":13,"minecraft:stone_axe":252,"minecraft:cobblestone":107,"minecraft:pumpkin_pie":11,"minecraft:gray_wool":1}},"DataVersion":3465}