{"stats":{"minecraft:broken":{"epicfight:stray_pants":1,"minecraft:leather_leggings":1,"minecraft:chainmail_boots":1,"minecraft:stone_axe":2,"minecraft:iron_helmet":1},"minecraft:mined":{"scalinghealth:power_crystal_ore":2,"iceandfire:silver_ore":17,"minecraft:dark_oak_leaves":1,"biomesoplenty:desert_grass":2,"minecraft:dark_oak_log":18,"paraglider:rito_goddess_statue":1,"upgrade_aquatic:embedded_ammonite":1,"biomesoplenty:bush":1,"minecraft:grass_block":1,"gobber2:gobber2_lucky_block":36,"biomesoplenty:flowering_oak_leaves":3,"minecraft:spruce_leaves":10,"minecraft:kelp":1,"biomesoplenty:jacaranda_sapling":1,"farmersdelight:wild_onions":1,"biomesoplenty:jacaranda_log":63,"biomesoplenty:tall_lavender":2,"minecraft:iron_ore":2,"minecraft:fire":2,"biomesoplenty:lavender":5,"chococraft:gysahl_green":3,"regions_unexplored:medium_grass":6,"minecraft:stone":61,"minecraft:orange_bed":2,"minecraft:podzol":5,"biomesoplenty:jacaranda_leaves":24,"biomesoplenty:jacaranda_planks":2,"minecraft:stripped_dark_oak_log":1,"minecraft:crafting_table":1,"minecraft:torch":1,"minecraft:cyan_stained_glass_pane":1,"minecraft:white_stained_glass_pane":1,"minecraft:tall_grass":35,"minecraft:copper_ore":11,"minecraft:cobblestone":10,"minecraft:wall_torch":1,"regions_unexplored:hyssop":1,"minecraft:spruce_log":108,"regions_unexplored:redwood_leaves":1,"minecraft:grass":38,"minecraft:oak_log":60,"minecraft:coal_ore":44,"minecraft:dirt":7,"minecraft:fern":3,"regions_unexplored:fireweed":1,"minecraft:oak_leaves":16},"minecraft:custom":{"minecraft:mob_kills":51,"minecraft:interact_with_crafting_table":27,"minecraft:open_barrel":14,"minecraft:bell_ring":16,"minecraft:damage_dealt_resisted":662,"minecraft:leave_game":4,"minecraft:climb_one_cm":472,"minecraft:time_since_death":4686,"minecraft:damage_resisted":0,"minecraft:sprint_one_cm":961525,"minecraft:walk_one_cm":1772700,"minecraft:drop":77,"minecraft:damage_dealt_absorbed":31,"minecraft:talked_to_villager":1,"minecraft:play_time":272753,"minecraft:deaths":33,"minecraft:sneak_time":2491,"minecraft:walk_under_water_one_cm":33998,"minecraft:interact_with_lectern":1,"minecraft:boat_one_cm":156226,"minecraft:jump":4739,"minecraft:interact_with_blast_furnace":4,"minecraft:walk_on_water_one_cm":68713,"minecraft:total_world_time":272753,"minecraft:interact_with_furnace":37,"minecraft:sleep_in_bed":6,"minecraft:waystone_activated":2,"minecraft:time_since_rest":4523,"minecraft:damage_taken":15190,"minecraft:damage_dealt":12209,"minecraft:player_kills":1,"minecraft:swim_one_cm":139667,"minecraft:fly_one_cm":1468140,"minecraft:open_chest":152,"minecraft:crouch_one_cm":9572,"tombstone:undead_killed":6,"minecraft:interact_with_smoker":3,"minecraft:fall_one_cm":105649},"minecraft:used":{"minecraft:trident":15,"minecraft:poppy":1,"minecraft:chest":4,"gobber2:gobber2_gooey_bread":5,"minecraft:iron_sword":257,"minecraft:orange_bed":2,"minecraft:torch":23,"minecraft:spyglass":2,"minecraft:dirt":12,"scalinghealth:heart_crystal":2,"minecraft:allium":3,"regions_unexplored:hyssop":1,"minecraft:iron_hoe":1,"born_in_chaos_v1:corpse_maggot":4,"alexsmobs:maggot":1,"farmersdelight:tomato":2,"upgrade_aquatic:embedded_ammonite":1,"biomesoplenty:jacaranda_log":4,"evilcraft:flesh_humanoid":1,"biomesoplenty:jacaranda_sapling":4,"paraglider:rito_goddess_statue":1,"minecraft:oak_sapling":1,"minecraft:furnace":2,"tombstone:gift":3,"minecraft:egg":6,"minecraft:dark_oak_sapling":1,"minecraft:wheat_seeds":1,"farmersdelight:iron_knife":26,"epicfight:skillbook":1,"minecraft:baked_potato":25,"minecraft:oak_planks":1,"magistuarmory:silver_katzbalger":71,"biomesoplenty:lavender":1,"biomesoplenty:flowering_oak_sapling":1,"minecraft:clay":1,"minecraft:glow_item_frame":1,"minecraft:crafting_table":2,"iceandfire:silver_axe":85,"minecraft:spruce_log":25,"biomesoplenty:jacaranda_planks":2,"minecraft:oak_log":4,"minecraft:dark_oak_log":6,"minecraft:bread":39,"minecraft:brown_wool":1,"minecraft:iron_pickaxe":187,"minecraft:spruce_sapling":13,"minecraft:stone_axe":252,"minecraft:cobblestone":42,"minecraft:pumpkin_pie":5,"chococraft:gysahl_green":2,"minecraft:oak_boat":4,"minecraft:bone_meal":1},"minecraft:dropped":{"minecraft:iron_ingot":3,"farmersdelight:iron_knife":1,"minecraft:wheat_seeds":7,"minecraft:cooked_beef":3,"gobber2:gobber2_foo":2,"minecraft:oak_log":56,"minecraft:baked_potato":36,"minecraft:diamond":3,"minecraft:cooked_porkchop":1,"minecraft:feather":3,"minecraft:leather":2,"chococraft:gysahl_green_seeds":1,"minecraft:chainmail_helmet":1,"mowziesmobs:naga_fang":1,"biomesoplenty:jacaranda_log":41,"minecraft:dark_oak_log":12,"tombstone:grave_key":1,"iceandfire:armor_copper_metal_boots":1,"minecraft:pumpkin_pie":11,"farmersdelight:onion":1,"gobber2:gobber2_goo":5,"born_in_chaos_v1:staffof_magic_arrows":1,"minecraft:string":5,"gobber2:gobber2_gooey_bread":5,"minecraft:kelp":1,"alexsmobs:maggot":1,"gobber2:gobber2_gooey_beef":2,"minecraft:rotten_flesh":8,"minecraft:clay_ball":5,"gobber2:gobber2_gooey_beefstew":1,"scalinghealth:power_crystal_shard":2,"evilcraft:flesh_humanoid":1,"supplementaries:ash":2,"minecraft:shield":1,"minecraft:trident":1,"realmrpg_creep:creeping_sprout":1,"magistuarmory:silver_shortsword":1,"minecraft:oak_boat":1,"minecraft:spruce_log":81,"minecraft:arrow":3,"iceandfire:armor_copper_metal_leggings":1,"minecraft:written_book":1,"chococraft:gysahl_green":1},"minecraft:killed":{"earthtojavamobs:cream_cow":2,"minecraft:spider":3,"born_in_chaos_v1:maggot":6,"grimoireofgaia:bee":1,"minecraft:chicken":1,"minecraft:pig":1,"realmrpg_creep:creepling":1,"enemyexpansion:ladybug":2,"born_in_chaos_v1:baby_skeleton":1,"majruszsdifficulty:cursed_armor":2,"born_in_chaos_v1:decrepit_skeleton":1,"minecraft:sheep":3,"minecraft:trader_llama":1,"minecraft:zombie":3,"earthtojavamobs:flecked_sheep":2,"evilcraft:poisonous_libelle":1,"born_in_chaos_v1:dread_hound":4,"born_in_chaos_v1:corpse_fly":3,"minecraft:stray":1,"alexsmobs:fly":2,"minecraft:cow":3,"enemyexpansion:wasp":2,"mowziesmobs:naga":2},"minecraft:killed_by":{"mowziesmobs:naga":4,"minecraft:player":4,"minecraft:stray":2,"minecraft:spider":1,"born_in_chaos_v1:zombie_clown":1,"realmrpg_creep:creepling":5,"grimoireofgaia:cecaelia":3,"enemyexpansion:wasp":1,"minecraft:zombie":1,"enemyexpansion:ladybug":1,"born_in_chaos_v1:scarlet_persecutor":4,"born_in_chaos_v1:dire_hound_leader":2,"born_in_chaos_v1:dread_hound":2},"minecraft:picked_up":{"minecraft:crafting_table":1,"minecraft:allium":3,"minecraft:chicken":1,"minecraft:clay_ball":5,"minecraft:turtle_helmet":1,"enemyexpansion:wasp_thorax":1,"biomesoplenty:jacaranda_sapling":4,"tombstone:grave_key":1,"minecraft:shield":1,"epicfight:stray_pants":1,"iceandfire:manuscript":1,"minecraft:string":12,"minecraft:raw_copper":37,"evilcraft:poison_sac":1,"iceandfire:bestiary":1,"paraglider:rito_goddess_statue":1,"minecraft:beef":2,"minecraft:oak_boat":6,"minecraft:poppy":1,"upgrade_aquatic:embedded_ammonite":1,"minecraft:egg":3,"minecraft:tipped_arrow":1,"minecraft:dark_oak_sapling":1,"minecraft:stick":13,"minecraft:raw_iron":2,"apotheosis:gem":1,"minecraft:glow_item_frame":1,"minecraft:torch":3,"sophisticatedbackpacks:backpack":1,"tombstone:grave_dust":2,"iceandfire:armor_copper_metal_boots":1,"minecraft:trident":2,"gobber2:gobber2_foo":2,"minecraft:orange_bed":2,"minecraft:rotten_flesh":9,"biomesoplenty:jacaranda_log":60,"minecraft:pumpkin_pie":11,"farmersdelight:onion":1,"supplementaries:ash":2,"minecraft:mutton":4,"biomesoplenty:lavender":1,"minecraft:white_wool":2,"minecraft:cobblestone":71,"born_in_chaos_v1:staffof_magic_arrows":2,"born_in_chaos_v1:corpse_maggot":7,"minecraft:air":0,"minecraft:feather":2,"minecraft:cooked_beef":7,"born_in_chaos_v1:monster_flesh":8,"gobber2:gobber2_gooey_beefstew":4,"minecraft:brown_wool":2,"minecraft:leather":9,"magistuarmory:silver_katzbalger":2,"realmrpg_creep:creeping_sprout":1,"minecraft:oak_log":60,"evilcraft:flesh_humanoid":1,"biomesoplenty:jacaranda_planks":2,"scalinghealth:heart_crystal":1,"farmersdelight:tomato":2,"minecraft:dirt":12,"born_in_chaos_v1:monster_skin":5,"minecraft:cooked_mutton":2,"minecraft:bone":4,"chococraft:gysahl_green":9,"minecraft:apple":1,"minecraft:kelp":1,"gobber2:gobber2_gooey_beef":7,"minecraft:wheat_seeds":8,"minecraft:iron_ingot":14,"scalinghealth:power_crystal_shard":6,"minecraft:iron_sword":1,"minecraft:oak_planks":1,"gobber2:gobber2_gooey_bread":13,"minecraft:cooked_porkchop":1,"minecraft:spyglass":1,"chococraft:gysahl_green_seeds":4,"minecraft:spruce_sapling":13,"minecraft:spruce_log":108,"minecraft:dark_oak_log":18,"minecraft:spider_eye":2,"grimoireofgaia:shiny_pearl":1,"biomesoplenty:flowering_oak_sapling":1,"mowziesmobs:naga_fang":4,"minecraft:iron_hoe":1,"minecraft:clay":1,"minecraft:diamond":3,"minecraft:iron_helmet":1,"minecraft:bone_meal":1,"minecraft:chainmail_helmet":2,"alexsmobs:maggot":2,"minecraft:baked_potato":12,"tombstone:magic_scroll":1,"minecraft:oak_sapling":1,"minecraft:stripped_dark_oak_log":1,"minecraft:coal":44,"gobber2:gobber2_goo":10,"iceandfire:raw_silver":17},"minecraft:crafted":{"minecraft:cooked_chicken":1,"minecraft:furnace":2,"iceandfire:armor_copper_metal_leggings":1,"magistuarmory:silver_shortsword":1,"minecraft:cooked_mutton":4,"iceandfire:armor_copper_metal_boots":1,"magistuarmory:hilt":8,"iceandfire:armor_copper_metal_chestplate":1,"minecraft:chest":4,"minecraft:dark_oak_planks":4,"iceandfire:silver_axe":1,"minecraft:cooked_beef":3,"biomesoplenty:jacaranda_planks":60,"iceandfire:silver_ingot":15,"minecraft:crafting_table":1,"minecraft:spruce_planks":8,"minecraft:iron_sword":1,"minecraft:copper_ingot":58,"minecraft:stone_axe":2,"farmersdelight:beef_patty":5,"minecraft:air":0,"minecraft:stick":48,"shieldexp:wooden_shield":1,"minecraft:iron_pickaxe":1,"magistuarmory:silver_katzbalger":1,"minecraft:torch":48,"iceandfire:silver_pickaxe":1,"magistuarmory:leather_strip":18}},"DataVersion":3465}