{"stats":{"minecraft:broken":{"minecraft:leather_leggings":1},"minecraft:custom":{"minecraft:interact_with_furnace":9,"minecraft:mob_kills":10,"minecraft:interact_with_crafting_table":13,"minecraft:open_barrel":8,"minecraft:damage_dealt_resisted":30,"minecraft:leave_game":1,"minecraft:time_since_death":4202,"minecraft:sleep_in_bed":1,"minecraft:time_since_rest":4074,"minecraft:sprint_one_cm":197746,"minecraft:damage_taken":3182,"minecraft:walk_one_cm":568047,"minecraft:drop":26,"minecraft:damage_dealt":2782,"minecraft:damage_dealt_absorbed":10,"minecraft:swim_one_cm":55116,"minecraft:fly_one_cm":248813,"minecraft:open_chest":39,"minecraft:crouch_one_cm":789,"minecraft:play_time":84901,"tombstone:undead_killed":1,"minecraft:deaths":7,"minecraft:sneak_time":317,"minecraft:walk_under_water_one_cm":14295,"minecraft:jump":1028,"minecraft:walk_on_water_one_cm":42853,"minecraft:total_world_time":84901,"minecraft:fall_one_cm":22715},"minecraft:killed_by":{"minecraft:player":3,"minecraft:spider":1,"born_in_chaos_v1:dire_hound_leader":2,"born_in_chaos_v1:dread_hound":1},"minecraft:dropped":{"gobber2:gobber2_foo":1,"minecraft:baked_potato":36,"gobber2:gobber2_gooey_beef":2,"minecraft:clay_ball":5,"gobber2:gobber2_gooey_beefstew":1,"scalinghealth:power_crystal_shard":2,"evilcraft:flesh_humanoid":1,"minecraft:trident":1,"magistuarmory:silver_shortsword":1,"gobber2:gobber2_goo":5,"gobber2:gobber2_gooey_bread":5,"chococraft:gysahl_green":1},"minecraft:picked_up":{"minecraft:allium":1,"born_in_chaos_v1:monster_flesh":8,"minecraft:clay_ball":5,"gobber2:gobber2_gooey_beefstew":1,"minecraft:brown_wool":2,"biomesoplenty:jacaranda_sapling":1,"evilcraft:flesh_humanoid":1,"scalinghealth:heart_crystal":1,"iceandfire:manuscript":1,"farmersdelight:tomato":2,"minecraft:raw_copper":29,"evilcraft:poison_sac":1,"born_in_chaos_v1:monster_skin":5,"chococraft:gysahl_green":9,"minecraft:apple":1,"minecraft:wheat_seeds":1,"iceandfire:bestiary":1,"gobber2:gobber2_gooey_beef":2,"paraglider:rito_goddess_statue":1,"minecraft:iron_ingot":3,"scalinghealth:power_crystal_shard":6,"gobber2:gobber2_gooey_bread":7,"minecraft:egg":2,"minecraft:glow_item_frame":1,"chococraft:gysahl_green_seeds":3,"minecraft:trident":1,"minecraft:spruce_log":2,"gobber2:gobber2_foo":1,"minecraft:orange_bed":1,"minecraft:iron_hoe":1,"biomesoplenty:jacaranda_log":15,"minecraft:baked_potato":12,"minecraft:mutton":3,"minecraft:coal":24,"gobber2:gobber2_goo":5,"iceandfire:raw_silver":10,"minecraft:cobblestone":52},"minecraft:used":{"minecraft:wheat_seeds":1,"epicfight:skillbook":1,"minecraft:baked_potato":3,"magistuarmory:silver_katzbalger":36,"gobber2:gobber2_gooey_bread":2,"minecraft:chest":4,"minecraft:orange_bed":1,"minecraft:glow_item_frame":1,"scalinghealth:heart_crystal":2,"minecraft:crafting_table":1,"minecraft:allium":1,"biomesoplenty:jacaranda_planks":2,"minecraft:iron_hoe":1,"farmersdelight:tomato":2,"minecraft:bread":11,"minecraft:brown_wool":1,"minecraft:iron_pickaxe":116,"evilcraft:flesh_humanoid":1,"minecraft:stone_axe":10,"biomesoplenty:jacaranda_sapling":1,"paraglider:rito_goddess_statue":1,"minecraft:cobblestone":1,"minecraft:furnace":1,"tombstone:gift":3,"chococraft:gysahl_green":2,"minecraft:egg":2},"minecraft:crafted":{"biomesoplenty:jacaranda_planks":60,"iceandfire:silver_ingot":8,"minecraft:crafting_table":1,"minecraft:spruce_planks":8,"minecraft:furnace":1,"minecraft:copper_ingot":35,"minecraft:stone_axe":1,"magistuarmory:silver_shortsword":1,"minecraft:cooked_mutton":3,"minecraft:air":0,"magistuarmory:hilt":8,"minecraft:stick":12,"minecraft:iron_pickaxe":1,"minecraft:chest":4,"magistuarmory:silver_katzbalger":1,"magistuarmory:leather_strip":12},"minecraft:killed":{"born_in_chaos_v1:maggot":1,"minecraft:zombie":1,"earthtojavamobs:flecked_sheep":2,"evilcraft:poisonous_libelle":1,"born_in_chaos_v1:dread_hound":4,"enemyexpansion:wasp":1},"minecraft:mined":{"biomesoplenty:jacaranda_leaves":3,"scalinghealth:power_crystal_ore":2,"iceandfire:silver_ore":10,"biomesoplenty:desert_grass":2,"paraglider:rito_goddess_statue":1,"minecraft:cyan_stained_glass_pane":1,"gobber2:gobber2_lucky_block":16,"minecraft:white_stained_glass_pane":1,"minecraft:copper_ore":9,"minecraft:spruce_leaves":1,"biomesoplenty:jacaranda_log":18,"minecraft:spruce_log":2,"minecraft:grass":6,"chococraft:gysahl_green":3,"minecraft:coal_ore":24,"minecraft:stone":52,"minecraft:oak_leaves":1,"minecraft:orange_bed":1}},"DataVersion":3465}