{"stats":{"minecraft:picked_up":{"minecraft:crafting_table":1,"minecraft:allium":1,"minecraft:chicken":1,"minecraft:clay_ball":5,"minecraft:turtle_helmet":1,"enemyexpansion:wasp_thorax":1,"biomesoplenty:jacaranda_sapling":4,"minecraft:shield":1,"epicfight:stray_pants":1,"iceandfire:manuscript":1,"minecraft:string":5,"minecraft:raw_copper":29,"evilcraft:poison_sac":1,"iceandfire:bestiary":1,"paraglider:rito_goddess_statue":1,"minecraft:poppy":1,"minecraft:egg":3,"minecraft:tipped_arrow":1,"minecraft:dark_oak_sapling":1,"minecraft:stick":13,"apotheosis:gem":1,"minecraft:glow_item_frame":1,"minecraft:torch":2,"minecraft:trident":1,"gobber2:gobber2_foo":1,"minecraft:orange_bed":2,"minecraft:rotten_flesh":1,"biomesoplenty:jacaranda_log":60,"minecraft:mutton":4,"minecraft:white_wool":2,"minecraft:cobblestone":56,"born_in_chaos_v1:corpse_maggot":1,"born_in_chaos_v1:staffof_magic_arrows":2,"minecraft:air":0,"minecraft:feather":2,"born_in_chaos_v1:monster_flesh":8,"minecraft:leather":2,"gobber2:gobber2_gooey_beefstew":1,"minecraft:brown_wool":2,"magistuarmory:silver_katzbalger":2,"minecraft:oak_log":60,"evilcraft:flesh_humanoid":1,"biomesoplenty:jacaranda_planks":2,"scalinghealth:heart_crystal":1,"farmersdelight:tomato":2,"born_in_chaos_v1:monster_skin":5,"minecraft:cooked_mutton":2,"minecraft:bone":4,"chococraft:gysahl_green":9,"minecraft:apple":1,"gobber2:gobber2_gooey_beef":2,"minecraft:wheat_seeds":1,"minecraft:iron_ingot":3,"scalinghealth:power_crystal_shard":6,"minecraft:oak_planks":1,"minecraft:iron_sword":1,"gobber2:gobber2_gooey_bread":10,"chococraft:gysahl_green_seeds":3,"minecraft:spruce_sapling":13,"minecraft:spruce_log":108,"minecraft:dark_oak_log":18,"minecraft:spider_eye":1,"grimoireofgaia:shiny_pearl":1,"biomesoplenty:flowering_oak_sapling":1,"mowziesmobs:naga_fang":3,"minecraft:iron_hoe":1,"minecraft:clay":1,"minecraft:baked_potato":12,"alexsmobs:maggot":2,"tombstone:magic_scroll":1,"minecraft:oak_sapling":1,"minecraft:stripped_dark_oak_log":1,"minecraft:coal":42,"gobber2:gobber2_goo":5,"iceandfire:raw_silver":10},"minecraft:mined":{"scalinghealth:power_crystal_ore":2,"iceandfire:silver_ore":10,"minecraft:dark_oak_leaves":1,"minecraft:dark_oak_log":18,"biomesoplenty:desert_grass":2,"paraglider:rito_goddess_statue":1,"biomesoplenty:bush":1,"gobber2:gobber2_lucky_block":19,"biomesoplenty:flowering_oak_leaves":3,"minecraft:spruce_leaves":10,"biomesoplenty:jacaranda_sapling":1,"biomesoplenty:jacaranda_log":63,"biomesoplenty:tall_lavender":2,"minecraft:fire":2,"biomesoplenty:lavender":4,"chococraft:gysahl_green":3,"minecraft:stone":56,"minecraft:orange_bed":2,"biomesoplenty:jacaranda_leaves":24,"biomesoplenty:jacaranda_planks":2,"minecraft:stripped_dark_oak_log":1,"minecraft:crafting_table":1,"minecraft:torch":1,"minecraft:cyan_stained_glass_pane":1,"minecraft:white_stained_glass_pane":1,"minecraft:copper_ore":9,"minecraft:wall_torch":1,"minecraft:spruce_log":108,"minecraft:grass":21,"minecraft:coal_ore":42,"minecraft:oak_log":60,"minecraft:oak_leaves":13},"minecraft:crafted":{"minecraft:cooked_chicken":1,"minecraft:furnace":1,"iceandfire:armor_copper_metal_leggings":1,"magistuarmory:silver_shortsword":1,"minecraft:cooked_mutton":4,"iceandfire:armor_copper_metal_boots":1,"magistuarmory:hilt":8,"iceandfire:armor_copper_metal_chestplate":1,"minecraft:chest":4,"minecraft:dark_oak_planks":4,"iceandfire:silver_axe":1,"biomesoplenty:jacaranda_planks":60,"iceandfire:silver_ingot":8,"minecraft:crafting_table":1,"minecraft:spruce_planks":8,"minecraft:copper_ingot":35,"minecraft:stone_axe":2,"minecraft:air":0,"minecraft:stick":36,"shieldexp:wooden_shield":1,"minecraft:iron_pickaxe":1,"magistuarmory:silver_katzbalger":1,"minecraft:torch":32,"iceandfire:silver_pickaxe":1,"magistuarmory:leather_strip":18},"minecraft:killed":{"minecraft:spider":3,"born_in_chaos_v1:maggot":4,"minecraft:chicken":1,"enemyexpansion:ladybug":1,"born_in_chaos_v1:baby_skeleton":1,"born_in_chaos_v1:decrepit_skeleton":1,"minecraft:sheep":2,"minecraft:trader_llama":1,"evilcraft:poisonous_libelle":1,"earthtojavamobs:flecked_sheep":2,"minecraft:zombie":2,"born_in_chaos_v1:dread_hound":4,"minecraft:stray":1,"alexsmobs:fly":2,"enemyexpansion:wasp":2,"mowziesmobs:naga":1},"minecraft:broken":{"epicfight:stray_pants":1,"minecraft:leather_leggings":1,"minecraft:chainmail_boots":1,"minecraft:stone_axe":2,"minecraft:iron_helmet":1},"minecraft:custom":{"minecraft:mob_kills":30,"minecraft:interact_with_crafting_table":23,"minecraft:open_barrel":8,"minecraft:damage_dealt_resisted":644,"minecraft:leave_game":2,"minecraft:time_since_death":17717,"minecraft:damage_resisted":0,"minecraft:sprint_one_cm":548023,"minecraft:walk_one_cm":1154795,"minecraft:drop":37,"minecraft:damage_dealt_absorbed":10,"minecraft:talked_to_villager":1,"minecraft:play_time":170651,"minecraft:deaths":26,"minecraft:sneak_time":688,"minecraft:walk_under_water_one_cm":16619,"minecraft:jump":2632,"minecraft:walk_on_water_one_cm":47365,"minecraft:total_world_time":170651,"minecraft:interact_with_furnace":20,"minecraft:sleep_in_bed":4,"minecraft:time_since_rest":16859,"minecraft:damage_taken":11317,"minecraft:damage_dealt":8280,"minecraft:swim_one_cm":55116,"minecraft:fly_one_cm":723513,"minecraft:player_kills":1,"minecraft:open_chest":99,"minecraft:crouch_one_cm":2776,"tombstone:undead_killed":5,"minecraft:fall_one_cm":63648},"minecraft:killed_by":{"mowziesmobs:naga":4,"minecraft:player":4,"minecraft:stray":2,"minecraft:spider":1,"realmrpg_creep:creepling":2,"grimoireofgaia:cecaelia":3,"enemyexpansion:wasp":1,"minecraft:zombie":1,"born_in_chaos_v1:scarlet_persecutor":4,"born_in_chaos_v1:dire_hound_leader":2,"born_in_chaos_v1:dread_hound":1},"minecraft:dropped":{"gobber2:gobber2_foo":1,"minecraft:oak_log":56,"minecraft:baked_potato":36,"biomesoplenty:jacaranda_log":41,"minecraft:dark_oak_log":12,"gobber2:gobber2_goo":5,"born_in_chaos_v1:staffof_magic_arrows":1,"gobber2:gobber2_gooey_bread":5,"alexsmobs:maggot":1,"gobber2:gobber2_gooey_beef":2,"minecraft:clay_ball":5,"gobber2:gobber2_gooey_beefstew":1,"scalinghealth:power_crystal_shard":2,"evilcraft:flesh_humanoid":1,"minecraft:shield":1,"minecraft:trident":1,"magistuarmory:silver_shortsword":1,"minecraft:spruce_log":81,"chococraft:gysahl_green":1},"minecraft:used":{"minecraft:poppy":1,"gobber2:gobber2_gooey_bread":5,"minecraft:chest":4,"minecraft:iron_sword":132,"minecraft:orange_bed":2,"minecraft:torch":20,"scalinghealth:heart_crystal":2,"minecraft:allium":1,"minecraft:iron_hoe":1,"born_in_chaos_v1:corpse_maggot":1,"alexsmobs:maggot":1,"farmersdelight:tomato":2,"biomesoplenty:jacaranda_log":4,"evilcraft:flesh_humanoid":1,"biomesoplenty:jacaranda_sapling":4,"paraglider:rito_goddess_statue":1,"minecraft:furnace":1,"minecraft:oak_sapling":1,"tombstone:gift":3,"minecraft:egg":3,"minecraft:dark_oak_sapling":1,"minecraft:wheat_seeds":1,"epicfight:skillbook":1,"minecraft:oak_planks":1,"minecraft:baked_potato":4,"magistuarmory:silver_katzbalger":71,"biomesoplenty:flowering_oak_sapling":1,"minecraft:clay":1,"minecraft:glow_item_frame":1,"minecraft:crafting_table":2,"iceandfire:silver_axe":40,"minecraft:spruce_log":25,"biomesoplenty:jacaranda_planks":2,"minecraft:oak_log":4,"minecraft:dark_oak_log":6,"minecraft:bread":39,"minecraft:brown_wool":1,"minecraft:iron_pickaxe":141,"minecraft:spruce_sapling":13,"minecraft:stone_axe":252,"minecraft:cobblestone":6,"chococraft:gysahl_green":2}},"DataVersion":3465}