{
	"level_seeds": [
		{
			"dim": "minecraft:the_end",
			"seed": -3555417378286632743
		},
		{
			"dim": "minecraft:the_nether",
			"seed": -3555417378286632743
		},
		{
			"dim": "minecraft:overworld",
			"seed": -3555417378286632743
		},
		{
			"dim": "graveyard:past",
			"seed": -3555417378286632743
		},
		{
			"dim": "man:halucination",
			"seed": -3555417378286632743
		}
	],
	"structure_seeds": [
		{
			"dim": "minecraft:the_end",
			"seed": -3555417378286632743
		},
		{
			"dim": "minecraft:the_nether",
			"seed": -3555417378286632743
		},
		{
			"dim": "minecraft:overworld",
			"seed": -3555417378286632743
		},
		{
			"dim": "graveyard:past",
			"seed": -3555417378286632743
		},
		{
			"dim": "man:halucination",
			"seed": -3555417378286632743
		}
	]
}